,N1,N0,NEG,,P1,P0,POS,cv,rcv,ndvi,ndsi
neg2400,295,5174,0.946059609,pos2400,1645,183,0.899890591,1.5,2.5,0.25,0.5
neg2300,302,5167,0.944779667,pos2300,1645,183,0.899890591,1.5,2,0.25,0.5
neg2200,366,5103,0.933077345,pos2200,1645,183,0.899890591,1.5,1.5,0.25,0.5
neg1400,374,5095,0.931614555,pos1400,1645,183,0.899890591,1,2.5,0.25,0.5
neg2000,383,5086,0.929968916,pos2000,1645,183,0.899890591,1.5,0.75,0.25,0.5
neg2100,383,5086,0.929968916,pos2100,1645,183,0.899890591,1.5,1,0.25,0.5
neg1300,384,5085,0.929786067,pos1300,1645,183,0.899890591,1,2,0.25,0.5
neg0400,409,5060,0.925214847,pos0400,1645,183,0.899890591,0.75,2.5,0.25,0.5
neg0300,437,5032,0.920095081,pos0300,1645,183,0.899890591,0.75,2,0.25,0.5
neg1200,765,4704,0.86012068,pos1200,1645,183,0.899890591,1,1.5,0.25,0.5
neg0200,866,4603,0.841652953,pos0200,1645,183,0.899890591,0.75,1.5,0.25,0.5
neg1100,1151,4318,0.78954105,pos1100,1645,183,0.899890591,1,1,0.25,0.5
neg1000,1152,4317,0.789358201,pos1000,1645,183,0.899890591,1,0.75,0.25,0.5
neg0100,1412,4057,0.741817517,pos0100,1645,183,0.899890591,0.75,1,0.25,0.5
neg0000,1413,4056,0.741634668,pos0000,1645,183,0.899890591,0.75,0.75,0.25,0.5
neg3400,218,5251,0.960138965,pos3400,1643,185,0.898796499,2,2.5,0.25,0.5
neg3300,219,5250,0.959956116,pos3300,1643,185,0.898796499,2,2,0.25,0.5
neg3200,275,5194,0.949716584,pos3200,1643,185,0.898796499,2,1.5,0.25,0.5
neg3000,286,5183,0.947705248,pos3000,1643,185,0.898796499,2,0.75,0.25,0.5
neg3100,286,5183,0.947705248,pos3100,1643,185,0.898796499,2,1,0.25,0.5
neg4300,62,5407,0.988663375,pos4300,1637,191,0.895514223,2.5,2,0.25,0.5
neg4400,62,5407,0.988663375,pos4400,1637,191,0.895514223,2.5,2.5,0.25,0.5
neg4200,64,5405,0.988297678,pos4200,1637,191,0.895514223,2.5,1.5,0.25,0.5
neg4000,65,5404,0.988114829,pos4000,1637,191,0.895514223,2.5,0.75,0.25,0.5
neg4100,65,5404,0.988114829,pos4100,1637,191,0.895514223,2.5,1,0.25,0.5
neg2401,280,5189,0.94880234,pos2401,1629,199,0.891137856,1.5,2.5,0.25,0.75
neg2301,287,5182,0.947522399,pos2301,1629,199,0.891137856,1.5,2,0.25,0.75
neg2201,351,5118,0.935820077,pos2201,1629,199,0.891137856,1.5,1.5,0.25,0.75
neg1401,358,5111,0.934540135,pos1401,1629,199,0.891137856,1,2.5,0.25,0.75
neg1301,368,5101,0.932711647,pos1301,1629,199,0.891137856,1,2,0.25,0.75
neg2001,368,5101,0.932711647,pos2001,1629,199,0.891137856,1.5,0.75,0.25,0.75
neg2101,368,5101,0.932711647,pos2101,1629,199,0.891137856,1.5,1,0.25,0.75
neg0401,393,5076,0.928140428,pos0401,1629,199,0.891137856,0.75,2.5,0.25,0.75
neg0301,421,5048,0.923020662,pos0301,1629,199,0.891137856,0.75,2,0.25,0.75
neg1201,749,4720,0.863046261,pos1201,1629,199,0.891137856,1,1.5,0.25,0.75
neg0201,850,4619,0.844578534,pos0201,1629,199,0.891137856,0.75,1.5,0.25,0.75
neg1101,1135,4334,0.79246663,pos1101,1629,199,0.891137856,1,1,0.25,0.75
neg1001,1136,4333,0.792283781,pos1001,1629,199,0.891137856,1,0.75,0.25,0.75
neg0101,1396,4073,0.744743097,pos0101,1629,199,0.891137856,0.75,1,0.25,0.75
neg0001,1397,4072,0.744560249,pos0001,1629,199,0.891137856,0.75,0.75,0.25,0.75
neg3401,211,5258,0.961418907,pos3401,1627,201,0.890043764,2,2.5,0.25,0.75
neg3301,212,5257,0.961236058,pos3301,1627,201,0.890043764,2,2,0.25,0.75
neg3201,268,5201,0.950996526,pos3201,1627,201,0.890043764,2,1.5,0.25,0.75
neg3001,279,5190,0.948985189,pos3001,1627,201,0.890043764,2,0.75,0.25,0.75
neg3101,279,5190,0.948985189,pos3101,1627,201,0.890043764,2,1,0.25,0.75
neg4301,61,5408,0.988846224,pos4301,1622,206,0.887308534,2.5,2,0.25,0.75
neg4401,61,5408,0.988846224,pos4401,1622,206,0.887308534,2.5,2.5,0.25,0.75
neg4201,63,5406,0.988480527,pos4201,1622,206,0.887308534,2.5,1.5,0.25,0.75
neg4001,64,5405,0.988297678,pos4001,1622,206,0.887308534,2.5,0.75,0.25,0.75
neg4101,64,5405,0.988297678,pos4101,1622,206,0.887308534,2.5,1,0.25,0.75
neg2402,248,5221,0.954653502,pos2402,1619,209,0.885667396,1.5,2.5,0.25,1
neg2302,255,5214,0.95337356,pos2302,1619,209,0.885667396,1.5,2,0.25,1
neg1402,318,5151,0.941854087,pos1402,1619,209,0.885667396,1,2.5,0.25,1
neg2202,319,5150,0.941671238,pos2202,1619,209,0.885667396,1.5,1.5,0.25,1
neg1302,328,5141,0.940025599,pos1302,1619,209,0.885667396,1,2,0.25,1
neg2002,336,5133,0.938562809,pos2002,1619,209,0.885667396,1.5,0.75,0.25,1
neg2102,336,5133,0.938562809,pos2102,1619,209,0.885667396,1.5,1,0.25,1
neg0402,353,5116,0.935454379,pos0402,1619,209,0.885667396,0.75,2.5,0.25,1
neg0302,381,5088,0.930334613,pos0302,1619,209,0.885667396,0.75,2,0.25,1
neg1202,709,4760,0.870360212,pos1202,1619,209,0.885667396,1,1.5,0.25,1
neg0202,809,4660,0.852075334,pos0202,1619,209,0.885667396,0.75,1.5,0.25,1
neg1102,1095,4374,0.799780581,pos1102,1619,209,0.885667396,1,1,0.25,1
neg1002,1096,4373,0.799597733,pos1002,1619,209,0.885667396,1,0.75,0.25,1
neg0102,1355,4114,0.752239898,pos0102,1619,209,0.885667396,0.75,1,0.25,1
neg0002,1356,4113,0.752057049,pos0002,1619,209,0.885667396,0.75,0.75,0.25,1
neg3402,200,5269,0.963430243,pos3402,1617,211,0.884573304,2,2.5,0.25,1
neg3302,201,5268,0.963247394,pos3302,1617,211,0.884573304,2,2,0.25,1
neg3202,257,5212,0.953007862,pos3202,1617,211,0.884573304,2,1.5,0.25,1
neg3002,268,5201,0.950996526,pos3002,1617,211,0.884573304,2,0.75,0.25,1
neg3102,268,5201,0.950996526,pos3102,1617,211,0.884573304,2,1,0.25,1
neg4302,57,5412,0.989577619,pos4302,1612,216,0.881838074,2.5,2,0.25,1
neg4402,57,5412,0.989577619,pos4402,1612,216,0.881838074,2.5,2.5,0.25,1
neg4202,59,5410,0.989211922,pos4202,1612,216,0.881838074,2.5,1.5,0.25,1
neg4002,60,5409,0.989029073,pos4002,1612,216,0.881838074,2.5,0.75,0.25,1
neg4102,60,5409,0.989029073,pos4102,1612,216,0.881838074,2.5,1,0.25,1
neg2403,69,5400,0.987383434,pos2403,1595,233,0.872538293,1.5,2.5,0.25,1.5
neg2303,76,5393,0.986103492,pos2303,1595,233,0.872538293,1.5,2,0.25,1.5
neg1403,110,5359,0.979886634,pos1403,1595,233,0.872538293,1,2.5,0.25,1.5
neg1303,120,5349,0.978058146,pos1303,1595,233,0.872538293,1,2,0.25,1.5
neg2203,123,5346,0.9775096,pos2203,1595,233,0.872538293,1.5,1.5,0.25,1.5
neg2003,135,5334,0.975315414,pos2003,1595,233,0.872538293,1.5,0.75,0.25,1.5
neg2103,135,5334,0.975315414,pos2103,1595,233,0.872538293,1.5,1,0.25,1.5
neg0403,145,5324,0.973486926,pos0403,1595,233,0.872538293,0.75,2.5,0.25,1.5
neg0303,173,5296,0.96836716,pos0303,1595,233,0.872538293,0.75,2,0.25,1.5
neg1203,484,4985,0.911501189,pos1203,1595,233,0.872538293,1,1.5,0.25,1.5
neg0203,582,4887,0.893582008,pos0203,1595,233,0.872538293,0.75,1.5,0.25,1.5
neg1003,864,4605,0.842018651,pos1003,1595,233,0.872538293,1,0.75,0.25,1.5
neg1103,864,4605,0.842018651,pos1103,1595,233,0.872538293,1,1,0.25,1.5
neg0003,1111,4358,0.796855001,pos0003,1595,233,0.872538293,0.75,0.75,0.25,1.5
neg0103,1111,4358,0.796855001,pos0103,1595,233,0.872538293,0.75,1,0.25,1.5
neg3403,51,5418,0.990674712,pos3403,1593,235,0.871444201,2,2.5,0.25,1.5
neg3303,52,5417,0.990491863,pos3303,1593,235,0.871444201,2,2,0.25,1.5
neg3203,91,5378,0.983360761,pos3203,1593,235,0.871444201,2,1.5,0.25,1.5
neg3003,100,5369,0.981715122,pos3003,1593,235,0.871444201,2,0.75,0.25,1.5
neg3103,100,5369,0.981715122,pos3103,1593,235,0.871444201,2,1,0.25,1.5
neg4303,14,5455,0.997440117,pos4303,1591,237,0.870350109,2.5,2,0.25,1.5
neg4403,14,5455,0.997440117,pos4403,1591,237,0.870350109,2.5,2.5,0.25,1.5
neg4203,16,5453,0.997074419,pos4203,1591,237,0.870350109,2.5,1.5,0.25,1.5
neg4003,17,5452,0.996891571,pos4003,1591,237,0.870350109,2.5,0.75,0.25,1.5
neg4103,17,5452,0.996891571,pos4103,1591,237,0.870350109,2.5,1,0.25,1.5
neg2410,201,5268,0.963247394,pos2410,1398,430,0.764770241,1.5,2.5,0.5,0.5
neg2310,208,5261,0.961967453,pos2310,1398,430,0.764770241,1.5,2,0.5,0.5
neg2210,240,5229,0.956116292,pos2210,1398,430,0.764770241,1.5,1.5,0.5,0.5
neg1410,244,5225,0.955384897,pos1410,1398,430,0.764770241,1,2.5,0.5,0.5
neg2010,249,5220,0.954470653,pos2010,1398,430,0.764770241,1.5,0.75,0.5,0.5
neg2110,249,5220,0.954470653,pos2110,1398,430,0.764770241,1.5,1,0.5,0.5
neg1310,254,5215,0.953556409,pos1310,1398,430,0.764770241,1,2,0.5,0.5
neg0410,258,5211,0.952825014,pos0410,1398,430,0.764770241,0.75,2.5,0.5,0.5
neg0310,283,5186,0.948253794,pos0310,1398,430,0.764770241,0.75,2,0.5,0.5
neg1210,580,4889,0.893947705,pos1210,1398,430,0.764770241,1,1.5,0.5,0.5
neg0210,648,4821,0.881513988,pos0210,1398,430,0.764770241,0.75,1.5,0.5,0.5
neg1110,952,4517,0.825927958,pos1110,1398,430,0.764770241,1,1,0.5,0.5
neg1010,953,4516,0.825745109,pos1010,1398,430,0.764770241,1,0.75,0.5,0.5
neg0110,1112,4357,0.796672152,pos0110,1398,430,0.764770241,0.75,1,0.5,0.5
neg0010,1113,4356,0.796489303,pos0010,1398,430,0.764770241,0.75,0.75,0.5,0.5
neg3410,132,5337,0.975863961,pos3410,1396,432,0.763676149,2,2.5,0.5,0.5
neg3310,133,5336,0.975681112,pos3310,1396,432,0.763676149,2,2,0.5,0.5
neg3210,157,5312,0.971292741,pos3210,1396,432,0.763676149,2,1.5,0.5,0.5
neg3010,162,5307,0.970378497,pos3010,1396,432,0.763676149,2,0.75,0.5,0.5
neg3110,162,5307,0.970378497,pos3110,1396,432,0.763676149,2,1,0.5,0.5
neg4310,32,5437,0.994148839,pos4310,1390,438,0.760393873,2.5,2,0.5,0.5
neg4410,32,5437,0.994148839,pos4410,1390,438,0.760393873,2.5,2.5,0.5,0.5
neg4210,34,5435,0.993783141,pos4210,1390,438,0.760393873,2.5,1.5,0.5,0.5
neg4010,35,5434,0.993600293,pos4010,1390,438,0.760393873,2.5,0.75,0.5,0.5
neg4110,35,5434,0.993600293,pos4110,1390,438,0.760393873,2.5,1,0.5,0.5
neg2411,194,5275,0.964527336,pos2411,1384,444,0.757111597,1.5,2.5,0.5,0.75
neg2311,201,5268,0.963247394,pos2311,1384,444,0.757111597,1.5,2,0.5,0.75
neg2211,233,5236,0.957396233,pos2211,1384,444,0.757111597,1.5,1.5,0.5,0.75
neg1411,237,5232,0.956664838,pos1411,1384,444,0.757111597,1,2.5,0.5,0.75
neg2011,242,5227,0.955750594,pos2011,1384,444,0.757111597,1.5,0.75,0.5,0.75
neg2111,242,5227,0.955750594,pos2111,1384,444,0.757111597,1.5,1,0.5,0.75
neg1311,247,5222,0.95483635,pos1311,1384,444,0.757111597,1,2,0.5,0.75
neg0411,251,5218,0.954104955,pos0411,1384,444,0.757111597,0.75,2.5,0.5,0.75
neg0311,276,5193,0.949533736,pos0311,1384,444,0.757111597,0.75,2,0.5,0.75
neg1211,573,4896,0.895227647,pos1211,1384,444,0.757111597,1,1.5,0.5,0.75
neg0211,641,4828,0.882793929,pos0211,1384,444,0.757111597,0.75,1.5,0.5,0.75
neg1111,945,4524,0.827207899,pos1111,1384,444,0.757111597,1,1,0.5,0.75
neg1011,946,4523,0.82702505,pos1011,1384,444,0.757111597,1,0.75,0.5,0.75
neg0111,1105,4364,0.797952094,pos0111,1384,444,0.757111597,0.75,1,0.5,0.75
neg0011,1106,4363,0.797769245,pos0011,1384,444,0.757111597,0.75,0.75,0.5,0.75
neg3411,130,5339,0.976229658,pos3411,1382,446,0.756017505,2,2.5,0.5,0.75
neg3311,131,5338,0.976046809,pos3311,1382,446,0.756017505,2,2,0.5,0.75
neg3211,155,5314,0.971658438,pos3211,1382,446,0.756017505,2,1.5,0.5,0.75
neg3011,160,5309,0.970744195,pos3011,1382,446,0.756017505,2,0.75,0.5,0.75
neg3111,160,5309,0.970744195,pos3111,1382,446,0.756017505,2,1,0.5,0.75
neg4311,32,5437,0.994148839,pos4311,1377,451,0.753282276,2.5,2,0.5,0.75
neg4411,32,5437,0.994148839,pos4411,1377,451,0.753282276,2.5,2.5,0.5,0.75
neg4211,34,5435,0.993783141,pos4211,1377,451,0.753282276,2.5,1.5,0.5,0.75
neg4011,35,5434,0.993600293,pos4011,1377,451,0.753282276,2.5,0.75,0.5,0.75
neg4111,35,5434,0.993600293,pos4111,1377,451,0.753282276,2.5,1,0.5,0.75
neg2412,175,5294,0.968001463,pos2412,1374,454,0.751641138,1.5,2.5,0.5,1
neg2312,182,5287,0.966721521,pos2312,1374,454,0.751641138,1.5,2,0.5,1
neg1412,213,5256,0.961053209,pos1412,1374,454,0.751641138,1,2.5,0.5,1
neg2212,214,5255,0.96087036,pos2212,1374,454,0.751641138,1.5,1.5,0.5,1
neg1312,223,5246,0.959224721,pos1312,1374,454,0.751641138,1,2,0.5,1
neg2012,223,5246,0.959224721,pos2012,1374,454,0.751641138,1.5,0.75,0.5,1
neg2112,223,5246,0.959224721,pos2112,1374,454,0.751641138,1.5,1,0.5,1
neg0412,227,5242,0.958493326,pos0412,1374,454,0.751641138,0.75,2.5,0.5,1
neg0312,252,5217,0.953922106,pos0312,1374,454,0.751641138,0.75,2,0.5,1
neg1212,549,4920,0.899616018,pos1212,1374,454,0.751641138,1,1.5,0.5,1
neg0212,616,4853,0.887365149,pos0212,1374,454,0.751641138,0.75,1.5,0.5,1
neg1112,921,4548,0.83159627,pos1112,1374,454,0.751641138,1,1,0.5,1
neg1012,922,4547,0.831413421,pos1012,1374,454,0.751641138,1,0.75,0.5,1
neg0112,1080,4389,0.802523313,pos0112,1374,454,0.751641138,0.75,1,0.5,1
neg0012,1081,4388,0.802340464,pos0012,1374,454,0.751641138,0.75,0.75,0.5,1
neg3412,130,5339,0.976229658,pos3412,1372,456,0.750547046,2,2.5,0.5,1
neg3312,131,5338,0.976046809,pos3312,1372,456,0.750547046,2,2,0.5,1
neg3212,155,5314,0.971658438,pos3212,1372,456,0.750547046,2,1.5,0.5,1
neg3012,160,5309,0.970744195,pos3012,1372,456,0.750547046,2,0.75,0.5,1
neg3112,160,5309,0.970744195,pos3112,1372,456,0.750547046,2,1,0.5,1
neg4312,32,5437,0.994148839,pos4312,1367,461,0.747811816,2.5,2,0.5,1
neg4412,32,5437,0.994148839,pos4412,1367,461,0.747811816,2.5,2.5,0.5,1
neg4212,34,5435,0.993783141,pos4212,1367,461,0.747811816,2.5,1.5,0.5,1
neg4012,35,5434,0.993600293,pos4012,1367,461,0.747811816,2.5,0.75,0.5,1
neg4112,35,5434,0.993600293,pos4112,1367,461,0.747811816,2.5,1,0.5,1
neg2413,59,5410,0.989211922,pos2413,1354,474,0.740700219,1.5,2.5,0.5,1.5
neg2313,66,5403,0.98793198,pos2313,1354,474,0.740700219,1.5,2,0.5,1.5
neg1413,88,5381,0.983909307,pos1413,1354,474,0.740700219,1,2.5,0.5,1.5
neg2213,91,5378,0.983360761,pos2213,1354,474,0.740700219,1.5,1.5,0.5,1.5
neg2013,97,5372,0.982263668,pos2013,1354,474,0.740700219,1.5,0.75,0.5,1.5
neg2113,97,5372,0.982263668,pos2113,1354,474,0.740700219,1.5,1,0.5,1.5
neg1313,98,5371,0.982080819,pos1313,1354,474,0.740700219,1,2,0.5,1.5
neg0413,102,5367,0.981349424,pos0413,1354,474,0.740700219,0.75,2.5,0.5,1.5
neg0313,127,5342,0.976778204,pos0313,1354,474,0.740700219,0.75,2,0.5,1.5
neg1213,417,5052,0.923752057,pos1213,1354,474,0.740700219,1,1.5,0.5,1.5
neg0213,482,4987,0.911866886,pos0213,1354,474,0.740700219,0.75,1.5,0.5,1.5
neg1013,786,4683,0.856280856,pos1013,1354,474,0.740700219,1,0.75,0.5,1.5
neg1113,786,4683,0.856280856,pos1113,1354,474,0.740700219,1,1,0.5,1.5
neg0013,934,4535,0.829219236,pos0013,1354,474,0.740700219,0.75,0.75,0.5,1.5
neg0113,934,4535,0.829219236,pos0113,1354,474,0.740700219,0.75,1,0.5,1.5
neg3413,41,5428,0.9925032,pos3413,1352,476,0.739606127,2,2.5,0.5,1.5
neg3313,42,5427,0.992320351,pos3313,1352,476,0.739606127,2,2,0.5,1.5
neg3213,59,5410,0.989211922,pos3213,1352,476,0.739606127,2,1.5,0.5,1.5
neg3013,63,5406,0.988480527,pos3013,1352,476,0.739606127,2,0.75,0.5,1.5
neg3113,63,5406,0.988480527,pos3113,1352,476,0.739606127,2,1,0.5,1.5
neg4313,8,5461,0.99853721,pos4313,1350,478,0.738512035,2.5,2,0.5,1.5
neg4413,8,5461,0.99853721,pos4413,1350,478,0.738512035,2.5,2.5,0.5,1.5
neg4213,10,5459,0.998171512,pos4213,1350,478,0.738512035,2.5,1.5,0.5,1.5
neg4013,11,5458,0.997988663,pos4013,1350,478,0.738512035,2.5,0.75,0.5,1.5
neg4113,11,5458,0.997988663,pos4113,1350,478,0.738512035,2.5,1,0.5,1.5
neg3320,47,5422,0.991406107,pos3320,1005,823,0.549781182,2,2,0.75,0.5
neg3420,47,5422,0.991406107,pos3420,1005,823,0.549781182,2,2.5,0.75,0.5
neg3020,48,5421,0.991223258,pos3020,1005,823,0.549781182,2,0.75,0.75,0.5
neg3120,48,5421,0.991223258,pos3120,1005,823,0.549781182,2,1,0.75,0.5
neg3220,48,5421,0.991223258,pos3220,1005,823,0.549781182,2,1.5,0.75,0.5
neg2420,94,5375,0.982812214,pos2420,1005,823,0.549781182,1.5,2.5,0.75,0.5
neg2320,100,5369,0.981715122,pos2320,1005,823,0.549781182,1.5,2,0.75,0.5
neg2020,109,5360,0.980069483,pos2020,1005,823,0.549781182,1.5,0.75,0.75,0.5
neg2120,109,5360,0.980069483,pos2120,1005,823,0.549781182,1.5,1,0.75,0.5
neg2220,109,5360,0.980069483,pos2220,1005,823,0.549781182,1.5,1.5,0.75,0.5
neg1420,120,5349,0.978058146,pos1420,1005,823,0.549781182,1,2.5,0.75,0.5
neg1320,128,5341,0.976595356,pos1320,1005,823,0.549781182,1,2,0.75,0.5
neg0420,131,5338,0.976046809,pos0420,1005,823,0.549781182,0.75,2.5,0.75,0.5
neg0320,151,5318,0.972389834,pos0320,1005,823,0.549781182,0.75,2,0.75,0.5
neg1220,398,5071,0.927226184,pos1220,1005,823,0.549781182,1,1.5,0.75,0.5
neg0220,444,5025,0.91881514,pos0220,1005,823,0.549781182,0.75,1.5,0.75,0.5
neg1020,742,4727,0.864326202,pos1020,1005,823,0.549781182,1,0.75,0.75,0.5
neg1120,742,4727,0.864326202,pos1120,1005,823,0.549781182,1,1,0.75,0.5
neg0020,850,4619,0.844578534,pos0020,1005,823,0.549781182,0.75,0.75,0.75,0.5
neg0120,850,4619,0.844578534,pos0120,1005,823,0.549781182,0.75,1,0.75,0.5
neg4020,6,5463,0.998902907,pos4020,1000,828,0.547045952,2.5,0.75,0.75,0.5
neg4120,6,5463,0.998902907,pos4120,1000,828,0.547045952,2.5,1,0.75,0.5
neg4220,6,5463,0.998902907,pos4220,1000,828,0.547045952,2.5,1.5,0.75,0.5
neg4320,6,5463,0.998902907,pos4320,1000,828,0.547045952,2.5,2,0.75,0.5
neg4420,6,5463,0.998902907,pos4420,1000,828,0.547045952,2.5,2.5,0.75,0.5
neg3321,47,5422,0.991406107,pos3321,999,829,0.546498906,2,2,0.75,0.75
neg3421,47,5422,0.991406107,pos3421,999,829,0.546498906,2,2.5,0.75,0.75
neg3021,48,5421,0.991223258,pos3021,999,829,0.546498906,2,0.75,0.75,0.75
neg3121,48,5421,0.991223258,pos3121,999,829,0.546498906,2,1,0.75,0.75
neg3221,48,5421,0.991223258,pos3221,999,829,0.546498906,2,1.5,0.75,0.75
neg2421,94,5375,0.982812214,pos2421,999,829,0.546498906,1.5,2.5,0.75,0.75
neg2321,100,5369,0.981715122,pos2321,999,829,0.546498906,1.5,2,0.75,0.75
neg2021,109,5360,0.980069483,pos2021,999,829,0.546498906,1.5,0.75,0.75,0.75
neg2121,109,5360,0.980069483,pos2121,999,829,0.546498906,1.5,1,0.75,0.75
neg2221,109,5360,0.980069483,pos2221,999,829,0.546498906,1.5,1.5,0.75,0.75
neg1421,120,5349,0.978058146,pos1421,999,829,0.546498906,1,2.5,0.75,0.75
neg1321,128,5341,0.976595356,pos1321,999,829,0.546498906,1,2,0.75,0.75
neg0421,131,5338,0.976046809,pos0421,999,829,0.546498906,0.75,2.5,0.75,0.75
neg0321,151,5318,0.972389834,pos0321,999,829,0.546498906,0.75,2,0.75,0.75
neg1221,398,5071,0.927226184,pos1221,999,829,0.546498906,1,1.5,0.75,0.75
neg0221,444,5025,0.91881514,pos0221,999,829,0.546498906,0.75,1.5,0.75,0.75
neg1021,742,4727,0.864326202,pos1021,999,829,0.546498906,1,0.75,0.75,0.75
neg1121,742,4727,0.864326202,pos1121,999,829,0.546498906,1,1,0.75,0.75
neg0021,850,4619,0.844578534,pos0021,999,829,0.546498906,0.75,0.75,0.75,0.75
neg0121,850,4619,0.844578534,pos0121,999,829,0.546498906,0.75,1,0.75,0.75
neg4021,6,5463,0.998902907,pos4021,995,833,0.544310722,2.5,0.75,0.75,0.75
neg4121,6,5463,0.998902907,pos4121,995,833,0.544310722,2.5,1,0.75,0.75
neg4221,6,5463,0.998902907,pos4221,995,833,0.544310722,2.5,1.5,0.75,0.75
neg4321,6,5463,0.998902907,pos4321,995,833,0.544310722,2.5,2,0.75,0.75
neg4421,6,5463,0.998902907,pos4421,995,833,0.544310722,2.5,2.5,0.75,0.75
neg3322,47,5422,0.991406107,pos3322,991,837,0.542122538,2,2,0.75,1
neg3422,47,5422,0.991406107,pos3422,991,837,0.542122538,2,2.5,0.75,1
neg3022,48,5421,0.991223258,pos3022,991,837,0.542122538,2,0.75,0.75,1
neg3122,48,5421,0.991223258,pos3122,991,837,0.542122538,2,1,0.75,1
neg3222,48,5421,0.991223258,pos3222,991,837,0.542122538,2,1.5,0.75,1
neg2422,80,5389,0.985372097,pos2422,991,837,0.542122538,1.5,2.5,0.75,1
neg2322,86,5383,0.984275005,pos2322,991,837,0.542122538,1.5,2,0.75,1
neg2022,95,5374,0.982629366,pos2022,991,837,0.542122538,1.5,0.75,0.75,1
neg2122,95,5374,0.982629366,pos2122,991,837,0.542122538,1.5,1,0.75,1
neg2222,95,5374,0.982629366,pos2222,991,837,0.542122538,1.5,1.5,0.75,1
neg1422,106,5363,0.980618029,pos1422,991,837,0.542122538,1,2.5,0.75,1
neg1322,114,5355,0.979155239,pos1322,991,837,0.542122538,1,2,0.75,1
neg0422,117,5352,0.978606692,pos0422,991,837,0.542122538,0.75,2.5,0.75,1
neg0322,137,5332,0.974949717,pos0322,991,837,0.542122538,0.75,2,0.75,1
neg1222,384,5085,0.929786067,pos1222,991,837,0.542122538,1,1.5,0.75,1
neg0222,429,5040,0.921557872,pos0222,991,837,0.542122538,0.75,1.5,0.75,1
neg1022,728,4741,0.866886085,pos1022,991,837,0.542122538,1,0.75,0.75,1
neg1122,728,4741,0.866886085,pos1122,991,837,0.542122538,1,1,0.75,1
neg0022,835,4634,0.847321265,pos0022,991,837,0.542122538,0.75,0.75,0.75,1
neg0122,835,4634,0.847321265,pos0122,991,837,0.542122538,0.75,1,0.75,1
neg4022,6,5463,0.998902907,pos4022,987,841,0.539934354,2.5,0.75,0.75,1
neg4122,6,5463,0.998902907,pos4122,987,841,0.539934354,2.5,1,0.75,1
neg4222,6,5463,0.998902907,pos4222,987,841,0.539934354,2.5,1.5,0.75,1
neg4322,6,5463,0.998902907,pos4322,987,841,0.539934354,2.5,2,0.75,1
neg4422,6,5463,0.998902907,pos4422,987,841,0.539934354,2.5,2.5,0.75,1
neg3323,34,5435,0.993783141,pos3323,974,854,0.532822757,2,2,0.75,1.5
neg3423,34,5435,0.993783141,pos3423,974,854,0.532822757,2,2.5,0.75,1.5
neg3023,35,5434,0.993600293,pos3023,974,854,0.532822757,2,0.75,0.75,1.5
neg3123,35,5434,0.993600293,pos3123,974,854,0.532822757,2,1,0.75,1.5
neg3223,35,5434,0.993600293,pos3223,974,854,0.532822757,2,1.5,0.75,1.5
neg2423,49,5420,0.99104041,pos2423,974,854,0.532822757,1.5,2.5,0.75,1.5
neg2323,55,5414,0.989943317,pos2323,974,854,0.532822757,1.5,2,0.75,1.5
neg2023,64,5405,0.988297678,pos2023,974,854,0.532822757,1.5,0.75,0.75,1.5
neg2123,64,5405,0.988297678,pos2123,974,854,0.532822757,1.5,1,0.75,1.5
neg2223,64,5405,0.988297678,pos2223,974,854,0.532822757,1.5,1.5,0.75,1.5
neg1423,73,5396,0.986652039,pos1423,974,854,0.532822757,1,2.5,0.75,1.5
neg1323,81,5388,0.985189248,pos1323,974,854,0.532822757,1,2,0.75,1.5
neg0423,84,5385,0.984640702,pos0423,974,854,0.532822757,0.75,2.5,0.75,1.5
neg0323,104,5365,0.980983726,pos0323,974,854,0.532822757,0.75,2,0.75,1.5
neg1223,351,5118,0.935820077,pos1223,974,854,0.532822757,1,1.5,0.75,1.5
neg0223,394,5075,0.927957579,pos0223,974,854,0.532822757,0.75,1.5,0.75,1.5
neg1023,695,4774,0.872920095,pos1023,974,854,0.532822757,1,0.75,0.75,1.5
neg1123,695,4774,0.872920095,pos1123,974,854,0.532822757,1,1,0.75,1.5
neg0023,791,4678,0.855366612,pos0023,974,854,0.532822757,0.75,0.75,0.75,1.5
neg0123,791,4678,0.855366612,pos0123,974,854,0.532822757,0.75,1,0.75,1.5
neg4023,6,5463,0.998902907,pos4023,973,855,0.532275711,2.5,0.75,0.75,1.5
neg4123,6,5463,0.998902907,pos4123,973,855,0.532275711,2.5,1,0.75,1.5
neg4223,6,5463,0.998902907,pos4223,973,855,0.532275711,2.5,1.5,0.75,1.5
neg4323,6,5463,0.998902907,pos4323,973,855,0.532275711,2.5,2,0.75,1.5
neg4423,6,5463,0.998902907,pos4423,973,855,0.532275711,2.5,2.5,0.75,1.5
neg3030,30,5439,0.994514536,pos3030,654,1174,0.357768053,2,0.75,1,0.5
neg3130,30,5439,0.994514536,pos3130,654,1174,0.357768053,2,1,1,0.5
neg3230,30,5439,0.994514536,pos3230,654,1174,0.357768053,2,1.5,1,0.5
neg3330,30,5439,0.994514536,pos3330,654,1174,0.357768053,2,2,1,0.5
neg3430,30,5439,0.994514536,pos3430,654,1174,0.357768053,2,2.5,1,0.5
neg2430,46,5423,0.991588956,pos2430,654,1174,0.357768053,1.5,2.5,1,0.5
neg2330,48,5421,0.991223258,pos2330,654,1174,0.357768053,1.5,2,1,0.5
neg2030,53,5416,0.990309014,pos2030,654,1174,0.357768053,1.5,0.75,1,0.5
neg2130,53,5416,0.990309014,pos2130,654,1174,0.357768053,1.5,1,1,0.5
neg2230,53,5416,0.990309014,pos2230,654,1174,0.357768053,1.5,1.5,1,0.5
neg1430,67,5402,0.987749131,pos1430,654,1174,0.357768053,1,2.5,1,0.5
neg1330,70,5399,0.987200585,pos1330,654,1174,0.357768053,1,2,1,0.5
neg0430,74,5395,0.98646919,pos0430,654,1174,0.357768053,0.75,2.5,1,0.5
neg0330,86,5383,0.984275005,pos0330,654,1174,0.357768053,0.75,2,1,0.5
neg1230,245,5224,0.955202048,pos1230,654,1174,0.357768053,1,1.5,1,0.5
neg0230,276,5193,0.949533736,pos0230,654,1174,0.357768053,0.75,1.5,1,0.5
neg1030,538,4931,0.901627354,pos1030,654,1174,0.357768053,1,0.75,1,0.5
neg1130,538,4931,0.901627354,pos1130,654,1174,0.357768053,1,1,1,0.5
neg0030,621,4848,0.886450905,pos0030,654,1174,0.357768053,0.75,0.75,1,0.5
neg0130,621,4848,0.886450905,pos0130,654,1174,0.357768053,0.75,1,1,0.5
neg4030,6,5463,0.998902907,pos4030,651,1177,0.356126915,2.5,0.75,1,0.5
neg4130,6,5463,0.998902907,pos4130,651,1177,0.356126915,2.5,1,1,0.5
neg4230,6,5463,0.998902907,pos4230,651,1177,0.356126915,2.5,1.5,1,0.5
neg4330,6,5463,0.998902907,pos4330,651,1177,0.356126915,2.5,2,1,0.5
neg4430,6,5463,0.998902907,pos4430,651,1177,0.356126915,2.5,2.5,1,0.5
neg3031,30,5439,0.994514536,pos3031,651,1177,0.356126915,2,0.75,1,0.75
neg3131,30,5439,0.994514536,pos3131,651,1177,0.356126915,2,1,1,0.75
neg3231,30,5439,0.994514536,pos3231,651,1177,0.356126915,2,1.5,1,0.75
neg3331,30,5439,0.994514536,pos3331,651,1177,0.356126915,2,2,1,0.75
neg3431,30,5439,0.994514536,pos3431,651,1177,0.356126915,2,2.5,1,0.75
neg2431,46,5423,0.991588956,pos2431,651,1177,0.356126915,1.5,2.5,1,0.75
neg2331,48,5421,0.991223258,pos2331,651,1177,0.356126915,1.5,2,1,0.75
neg2031,53,5416,0.990309014,pos2031,651,1177,0.356126915,1.5,0.75,1,0.75
neg2131,53,5416,0.990309014,pos2131,651,1177,0.356126915,1.5,1,1,0.75
neg2231,53,5416,0.990309014,pos2231,651,1177,0.356126915,1.5,1.5,1,0.75
neg1431,67,5402,0.987749131,pos1431,651,1177,0.356126915,1,2.5,1,0.75
neg1331,70,5399,0.987200585,pos1331,651,1177,0.356126915,1,2,1,0.75
neg0431,74,5395,0.98646919,pos0431,651,1177,0.356126915,0.75,2.5,1,0.75
neg0331,86,5383,0.984275005,pos0331,651,1177,0.356126915,0.75,2,1,0.75
neg1231,245,5224,0.955202048,pos1231,651,1177,0.356126915,1,1.5,1,0.75
neg0231,276,5193,0.949533736,pos0231,651,1177,0.356126915,0.75,1.5,1,0.75
neg1031,538,4931,0.901627354,pos1031,651,1177,0.356126915,1,0.75,1,0.75
neg1131,538,4931,0.901627354,pos1131,651,1177,0.356126915,1,1,1,0.75
neg0031,621,4848,0.886450905,pos0031,651,1177,0.356126915,0.75,0.75,1,0.75
neg0131,621,4848,0.886450905,pos0131,651,1177,0.356126915,0.75,1,1,0.75
neg4031,6,5463,0.998902907,pos4031,648,1180,0.354485777,2.5,0.75,1,0.75
neg4131,6,5463,0.998902907,pos4131,648,1180,0.354485777,2.5,1,1,0.75
neg4231,6,5463,0.998902907,pos4231,648,1180,0.354485777,2.5,1.5,1,0.75
neg4331,6,5463,0.998902907,pos4331,648,1180,0.354485777,2.5,2,1,0.75
neg4431,6,5463,0.998902907,pos4431,648,1180,0.354485777,2.5,2.5,1,0.75
neg3032,30,5439,0.994514536,pos3032,647,1181,0.353938731,2,0.75,1,1
neg3132,30,5439,0.994514536,pos3132,647,1181,0.353938731,2,1,1,1
neg3232,30,5439,0.994514536,pos3232,647,1181,0.353938731,2,1.5,1,1
neg3332,30,5439,0.994514536,pos3332,647,1181,0.353938731,2,2,1,1
neg3432,30,5439,0.994514536,pos3432,647,1181,0.353938731,2,2.5,1,1
neg2432,46,5423,0.991588956,pos2432,647,1181,0.353938731,1.5,2.5,1,1
neg2332,48,5421,0.991223258,pos2332,647,1181,0.353938731,1.5,2,1,1
neg2032,53,5416,0.990309014,pos2032,647,1181,0.353938731,1.5,0.75,1,1
neg2132,53,5416,0.990309014,pos2132,647,1181,0.353938731,1.5,1,1,1
neg2232,53,5416,0.990309014,pos2232,647,1181,0.353938731,1.5,1.5,1,1
neg1432,67,5402,0.987749131,pos1432,647,1181,0.353938731,1,2.5,1,1
neg1332,70,5399,0.987200585,pos1332,647,1181,0.353938731,1,2,1,1
neg0432,74,5395,0.98646919,pos0432,647,1181,0.353938731,0.75,2.5,1,1
neg0332,86,5383,0.984275005,pos0332,647,1181,0.353938731,0.75,2,1,1
neg1232,245,5224,0.955202048,pos1232,647,1181,0.353938731,1,1.5,1,1
neg0232,275,5194,0.949716584,pos0232,647,1181,0.353938731,0.75,1.5,1,1
neg1032,538,4931,0.901627354,pos1032,647,1181,0.353938731,1,0.75,1,1
neg1132,538,4931,0.901627354,pos1132,647,1181,0.353938731,1,1,1,1
neg0032,620,4849,0.886633754,pos0032,647,1181,0.353938731,0.75,0.75,1,1
neg0132,620,4849,0.886633754,pos0132,647,1181,0.353938731,0.75,1,1,1
neg4032,6,5463,0.998902907,pos4032,644,1184,0.352297593,2.5,0.75,1,1
neg4132,6,5463,0.998902907,pos4132,644,1184,0.352297593,2.5,1,1,1
neg4232,6,5463,0.998902907,pos4232,644,1184,0.352297593,2.5,1.5,1,1
neg4332,6,5463,0.998902907,pos4332,644,1184,0.352297593,2.5,2,1,1
neg4432,6,5463,0.998902907,pos4432,644,1184,0.352297593,2.5,2.5,1,1
neg4033,6,5463,0.998902907,pos4033,633,1195,0.346280088,2.5,0.75,1,1.5
neg4133,6,5463,0.998902907,pos4133,633,1195,0.346280088,2.5,1,1,1.5
neg4233,6,5463,0.998902907,pos4233,633,1195,0.346280088,2.5,1.5,1,1.5
neg4333,6,5463,0.998902907,pos4333,633,1195,0.346280088,2.5,2,1,1.5
neg4433,6,5463,0.998902907,pos4433,633,1195,0.346280088,2.5,2.5,1,1.5
neg3033,30,5439,0.994514536,pos3033,633,1195,0.346280088,2,0.75,1,1.5
neg3133,30,5439,0.994514536,pos3133,633,1195,0.346280088,2,1,1,1.5
neg3233,30,5439,0.994514536,pos3233,633,1195,0.346280088,2,1.5,1,1.5
neg3333,30,5439,0.994514536,pos3333,633,1195,0.346280088,2,2,1,1.5
neg3433,30,5439,0.994514536,pos3433,633,1195,0.346280088,2,2.5,1,1.5
neg2433,45,5424,0.991771805,pos2433,633,1195,0.346280088,1.5,2.5,1,1.5
neg2333,47,5422,0.991406107,pos2333,633,1195,0.346280088,1.5,2,1,1.5
neg2033,52,5417,0.990491863,pos2033,633,1195,0.346280088,1.5,0.75,1,1.5
neg2133,52,5417,0.990491863,pos2133,633,1195,0.346280088,1.5,1,1,1.5
neg2233,52,5417,0.990491863,pos2233,633,1195,0.346280088,1.5,1.5,1,1.5
neg1433,66,5403,0.98793198,pos1433,633,1195,0.346280088,1,2.5,1,1.5
neg1333,69,5400,0.987383434,pos1333,633,1195,0.346280088,1,2,1,1.5
neg0433,73,5396,0.986652039,pos0433,633,1195,0.346280088,0.75,2.5,1,1.5
neg0333,85,5384,0.984457853,pos0333,633,1195,0.346280088,0.75,2,1,1.5
neg1233,244,5225,0.955384897,pos1233,633,1195,0.346280088,1,1.5,1,1.5
neg0233,273,5196,0.950082282,pos0233,633,1195,0.346280088,0.75,1.5,1,1.5
neg1033,537,4932,0.901810203,pos1033,633,1195,0.346280088,1,0.75,1,1.5
neg1133,537,4932,0.901810203,pos1133,633,1195,0.346280088,1,1,1,1.5
neg0033,610,4859,0.888462242,pos0033,633,1195,0.346280088,0.75,0.75,1,1.5
neg0133,610,4859,0.888462242,pos0133,633,1195,0.346280088,0.75,1,1,1.5
