FID,Shape,Shape_Leng,Shape_Area,RATIO,CONVEX,PERIM,AREA,MAJORITY,SCORE
46,Polygon ZM,873.176914,2.116444,37.7318,0.752073,656.693,3.75187,52,9.354731979
123,Polygon ZM,975.296936,2.289479,40.5207,0.657756,641.507,5.87762,71,13.86796645
164,Polygon ZM,397.731324,1.115766,23.6707,0.789163,313.875,1.50051,71,4.990659376
184,Polygon ZM,524.716305,1.847093,24.2711,0.739954,388.266,2.51089,71,6.311602471
203,Polygon ZM,787.963508,2.559038,30.9654,0.594856,468.725,3.54994,71,12.54544602
217,Polygon ZM,648.42197,1.385227,34.6342,0.704634,456.9,2.88589,52,10.22976512
236,Polygon ZM,386.973845,1.096722,23.2296,0.743288,287.633,1.36609,71,5.963317075
258,Polygon ZM,557.415063,1.32759,30.4127,0.789187,439.905,1.83746,71,6.411392525
264,Polygon ZM,1122.752283,3.138793,39.8392,0.522639,586.794,4.86225,71,19.01768035
271,Polygon ZM,1109.820674,6.002764,28.4764,0.657039,729.196,8.45584,52,9.76629462
278,Polygon ZM,1225.860053,4.135651,37.8946,0.598349,733.492,7.31915,71,15.22040398
295,Polygon ZM,738.28831,1.750632,35.0782,0.613573,452.994,3.27041,52,13.55516359
345,Polygon ZM,708.726665,2.211898,29.9574,0.648095,459.322,3.5775,71,10.54215885
349,Polygon ZM,820.216957,2.385109,33.3874,0.6439,528.138,4.28935,71,11.88925314
351,Polygon ZM,377.600397,1.135039,22.281,0.8001,302.118,1.39475,71,4.4539719
360,Polygon ZM,362.089441,1.096311,21.7399,0.786897,284.927,1.33673,71,4.63283791
361,Polygon ZM,346.769524,1.097142,20.8122,0.817575,283.51,1.35699,71,3.796665585
369,Polygon ZM,483.096018,1.50156,24.784,0.773026,373.446,2.0117,71,5.625323616
377,Polygon ZM,2064.660504,6.135209,52.4013,0.439152,906.7,12.7032,71,29.3891643
379,Polygon ZM,2025.12813,6.929475,48.3627,0.476579,965.133,14.6193,71,25.3140528
391,Polygon ZM,386.909536,1.211745,22.0959,0.80104,309.93,1.52911,71,4.396200264
417,Polygon ZM,651.558386,2.365764,26.6303,0.728318,474.542,3.67367,71,7.234973165
418,Polygon ZM,550.928635,1.481287,28.4567,0.690726,380.541,2.20269,71,8.800917436
429,Polygon ZM,438.159992,1.232063,24.8156,0.715768,313.621,1.67484,71,7.053387619
437,Polygon ZM,1008.959179,3.962062,31.8655,0.644958,650.736,6.02004,71,11.31359085
442,Polygon ZM,1573.984585,7.867717,35.2764,0.584431,919.885,12.9269,71,14.65977827
449,Polygon ZM,544.745547,1.096259,32.7074,0.684097,372.659,2.25983,71,10.33236578
455,Polygon ZM,524.667494,1.134981,30.9598,0.696906,365.644,1.76018,71,9.383729621
456,Polygon ZM,1720.972985,6.885931,41.2288,0.507923,874.122,12.7909,71,20.28774422
470,Polygon ZM,504.548289,1.327444,27.5298,0.658165,332.076,1.94307,71,9.410649183
478,Polygon ZM,335.849855,1.115578,19.9896,0.81278,272.972,1.32715,71,3.742452912
479,Polygon ZM,1260.090229,3.580034,41.8665,0.492489,620.581,5.85125,71,21.24770928
501,Polygon ZM,676.783092,2.426846,27.311,0.657388,444.909,3.30321,71,9.357076332
514,Polygon ZM,662.41597,1.943038,29.8744,0.665674,440.953,2.91456,71,9.987788654
547,Polygon ZM,809.910119,2.137699,34.8235,0.607064,491.667,3.84208,71,13.6834068
573,Polygon ZM,2309.229574,11.771104,42.3123,0.52925,1222.16,21.6477,71,19.91851523
582,Polygon ZM,1583.67693,5.15527,43.848,0.610924,967.506,9.31986,71,17.06020445
596,Polygon ZM,1331.197666,5.001003,37.4216,0.525102,699.014,8.24203,71,17.771443
603,Polygon ZM,810.973728,1.693065,39.1813,0.597284,484.382,3.47271,52,15.77893641
610,Polygon ZM,438.185456,1.251465,24.6239,0.73114,320.375,1.70392,71,6.620381754
613,Polygon ZM,2188.898458,7.136717,51.5092,0.526379,1152.19,14.3984,71,24.39583881
614,Polygon ZM,447.560034,1.174777,25.9586,0.785707,351.651,1.50218,71,5.56274627
621,Polygon ZM,4393.062884,14.370801,72.851,0.401879,1765.48,39.0154,71,43.57371297
627,Polygon ZM,1315.747419,4.097079,40.8643,0.586605,771.824,6.92464,71,16.8930973
632,Polygon ZM,487.637985,1.096578,29.2743,0.74453,363.061,1.56792,71,7.478705421
665,Polygon ZM,1726.010936,7.539732,39.5161,0.602551,1040.01,13.2619,71,15.70563443
666,Polygon ZM,1557.426265,5.831476,40.544,0.482236,751.047,9.1995,52,20.99222362
690,Polygon ZM,2597.686721,9.853989,52.0223,0.421344,1094.52,19.6599,52,30.10301603
731,Polygon ZM,573.040186,1.3866,30.5927,0.666445,381.9,2.1473,71,10.20434805
738,Polygon ZM,346.675002,1.154296,20.2849,0.814126,282.237,1.38516,71,3.770435503
748,Polygon ZM,727.464358,2.231348,30.6152,0.651001,473.58,3.52014,71,10.68467418
768,Polygon ZM,755.523107,1.731281,36.0971,0.777321,587.284,3.37599,71,8.038066131
775,Polygon ZM,425.909559,1.367334,22.8975,0.82615,351.865,1.66584,71,3.980730375
780,Polygon ZM,925.592711,2.519821,36.6559,0.64733,599.164,4.98194,71,12.92743625
822,Polygon ZM,1116.308589,4.196926,34.2552,0.539163,601.872,6.16063,71,15.7860636
823,Polygon ZM,3557.275766,13.037635,61.9336,0.385112,1369.95,27.2019,71,38.08222744
857,Polygon ZM,566.585538,1.347426,30.6847,0.613422,347.556,1.90565,71,11.86202996
871,Polygon ZM,2102.906935,10.514162,40.77,0.459068,965.378,14.6929,71,22.05379764
893,Polygon ZM,407.179343,1.193361,23.4319,0.755259,307.526,1.56869,71,5.734746638
916,Polygon ZM,1229.086308,6.023917,31.4812,0.629437,773.632,9.44965,71,11.66576792
917,Polygon ZM,489.262161,1.386156,26.1243,0.688735,336.972,1.91559,71,8.13158024
933,Polygon ZM,508.005575,1.521693,25.8889,0.774706,393.555,2.09955,71,5.832613837
947,Polygon ZM,1401.206884,4.042868,43.8093,0.547654,767.377,9.0772,71,19.81696162
950,Polygon ZM,1073.062696,2.502792,42.6404,0.520552,558.585,5.02484,71,20.4438545
963,Polygon ZM,416.619453,1.194197,23.9668,0.793335,330.519,1.60832,71,4.953098722
987,Polygon ZM,525.018277,1.290596,29.0528,0.661188,347.136,1.92626,71,9.843437274
1013,Polygon ZM,1158.480584,4.180359,35.6197,0.628945,728.621,6.50171,71,13.21686778
1019,Polygon ZM,1137.400024,3.625392,37.553,0.534962,608.466,6.32515,71,17.46357201
1025,Polygon ZM,2959.603162,9.515984,60.3136,0.393847,1165.63,22.9231,71,36.55926958
1029,Polygon ZM,651.818379,1.98275,29.1005,0.669111,436.139,2.79125,52,9.629035345
1042,Polygon ZM,828.333037,2.136356,35.6268,0.665836,551.534,3.46436,71,11.905194
1043,Polygon ZM,825.148247,2.463611,33.0487,0.621091,512.492,4.31132,71,12.52244987
1051,Polygon ZM,1578.159979,4.584809,46.3339,0.545842,861.426,10.3447,71,21.04291136
1068,Polygon ZM,1977.251167,7.096638,46.6599,0.442016,873.976,11.5802,71,26.03547764
1085,Polygon ZM,949.146053,2.560946,37.2856,0.679881,645.306,4.70789,71,11.93582899
1090,Polygon ZM,640.955909,1.616699,31.69,0.667431,427.794,2.8196,71,10.53911161
1106,Polygon ZM,1717.525853,5.008187,48.2471,0.492539,845.949,11.9908,71,24.48352161
1114,Polygon ZM,499.997208,1.154806,29.2497,0.719726,359.861,1.70334,52,8.197930418
1161,Polygon ZM,599.094943,1.463215,31.1351,0.78026,467.45,2.25258,71,6.841626874
1163,Polygon ZM,1045.221514,2.580426,40.9045,0.567506,593.169,5.73857,71,17.69095082
1176,Polygon ZM,1973.024826,5.855595,51.2573,0.612846,1209.16,17.355,71,19.84446872
1180,Polygon ZM,3281.542958,11.826346,59.9876,0.475538,1560.5,29.0461,71,31.46121667
1195,Polygon ZM,494.024164,1.020804,30.7387,0.761655,376.276,1.45417,71,7.326415452
1198,Polygon ZM,1237.246744,3.639335,40.7712,0.636177,787.108,9.22347,71,14.8335003
1203,Polygon ZM,545.462401,1.369237,29.3045,0.66327,361.789,2.08278,71,9.867704285
1208,Polygon ZM,598.18628,2.391262,24.3182,0.707871,423.439,3.0855,71,7.104051448
1209,Polygon ZM,3044.910738,10.780591,58.2991,0.394734,1201.93,23.7308,71,35.28646306
1226,Polygon ZM,1323.795386,3.599873,43.8617,0.52424,693.987,7.25752,52,20.86764239
1244,Polygon ZM,453.708229,1.059141,27.7146,0.695039,315.345,1.54057,71,8.451872131
1252,Polygon ZM,1787.197126,6.105774,45.4685,0.575667,1028.83,11.8649,71,19.29378501
1255,Polygon ZM,570.839468,1.960783,25.6276,0.683649,390.254,2.55671,71,8.107316888
1257,Polygon ZM,917.587647,2.615528,35.6678,0.647222,593.883,5.03873,71,12.58281515
1271,Polygon ZM,433.535961,1.155254,25.3568,0.73724,319.62,1.704,71,6.662752768
1281,Polygon ZM,1192.895056,3.315601,41.1841,0.637271,760.198,6.45772,71,14.93866741
1282,Polygon ZM,565.265382,1.117113,33.6211,0.615548,347.948,1.83938,71,12.92569914
1289,Polygon ZM,809.950011,1.425279,42.6498,0.581204,470.746,3.05279,71,17.86156564
1290,Polygon ZM,642.954173,1.599928,31.955,0.596313,383.402,2.17821,71,12.89981809
1308,Polygon ZM,416.341417,1.134384,24.5741,0.819256,341.09,1.53815,71,4.44162113
1316,Polygon ZM,553.070851,1.272297,30.8244,0.789,436.373,1.87954,71,6.5039484
1327,Polygon ZM,667.321082,1.463132,34.6818,0.586061,391.091,2.55086,71,14.35614961
1342,Polygon ZM,1687.569508,5.371062,45.7762,0.498319,840.948,10.0298,71,22.96504979
1352,Polygon ZM,392.877162,1.038008,24.2418,0.789285,310.092,1.42246,71,5.108110887
1356,Polygon ZM,912.197623,2.272961,38.0366,0.552427,503.923,3.95842,71,17.02415517
1364,Polygon ZM,2353.60903,7.823725,52.8976,0.354984,835.493,11.899,71,34.11979836
1383,Polygon ZM,596.4856,2.062671,26.1092,0.681348,406.414,2.4675,71,8.319748798
1388,Polygon ZM,521.32917,1.788484,24.5063,0.798012,416.027,2.30772,71,4.949978524
1390,Polygon ZM,524.92696,1.174612,30.4481,0.65596,344.331,1.84857,71,10.47536432
1400,Polygon ZM,520.220379,1.001139,32.685,0.672413,349.803,1.7905,71,10.7071811
1409,Polygon ZM,643.902558,2.422061,26.0097,0.771819,496.976,3.17175,71,5.934919356
1416,Polygon ZM,458.430292,1.097979,27.5033,0.658026,301.659,1.58918,71,9.405413514
1428,Polygon ZM,397.931181,1.347857,21.5474,0.798497,317.747,1.70408,71,4.341865742
1452,Polygon ZM,656.600081,1.155465,38.4,0.631241,414.473,2.54202,71,14.1603456
1457,Polygon ZM,1014.247112,3.100267,36.212,0.71191,722.053,5.86357,71,10.43231508
1467,Polygon ZM,1013.338115,4.15196,31.2634,0.597814,605.788,6.19911,71,12.57370179
1480,Polygon ZM,523.422921,1.059064,31.9742,0.691011,361.691,1.9352,71,9.879676084
1493,Polygon ZM,605.518547,1.637006,29.7516,0.68446,414.453,2.7155,71,9.387819864
1494,Polygon ZM,811.465216,2.234219,34.1284,0.584559,474.349,3.64986,71,14.17833662
1498,Polygon ZM,367.036799,1.040123,22.6243,0.763768,280.331,1.34831,71,5.344583638
1502,Polygon ZM,848.981684,1.407195,44.9914,0.476371,404.43,2.81439,71,23.55880179
1503,Polygon ZM,1080.106195,3.077062,38.7085,0.680178,734.665,6.15407,71,12.37982989
1517,Polygon ZM,1494.061785,4.25466,45.5349,0.54944,820.898,9.59708,71,20.51620454
1543,Polygon ZM,717.477483,1.50447,36.7727,0.674372,483.847,3.05715,71,11.97422076
1569,Polygon ZM,548.014789,1.57877,27.4183,0.813142,445.614,2.30077,71,5.123328701
1587,Polygon ZM,474.223067,1.234457,26.832,0.684834,324.764,1.79382,71,8.456534112
1593,Polygon ZM,627.242584,1.675915,30.4592,0.688877,432.093,2.83172,71,9.476557682
1630,Polygon ZM,642.606727,2.310789,26.575,0.707268,454.495,3.31213,71,7.7793529
1634,Polygon ZM,627.207706,1.367553,33.7169,0.644885,404.477,2.31136,71,11.97337694
1643,Polygon ZM,809.895867,2.715357,30.8976,0.647439,524.358,4.24635,71,10.89328875
1652,Polygon ZM,594.25766,1.903059,27.0805,0.74097,440.327,2.72964,71,7.014661915
1653,Polygon ZM,819.978618,2.537535,32.3597,0.613132,502.755,3.77747,71,12.51893242
1663,Polygon ZM,596.133818,1.386308,31.8289,0.656426,391.318,2.41641,71,10.93558249
1674,Polygon ZM,442.881523,1.116881,26.3447,0.690934,306.002,1.5309,71,8.14225105
1690,Polygon ZM,442.878304,1.328683,24.1536,0.753437,333.681,1.71381,71,5.955384077
1737,Polygon ZM,788.227729,2.15673,33.7413,0.655921,517.015,3.50468,71,11.60967276
1746,Polygon ZM,402.84156,1.176027,23.3525,0.762717,307.254,1.59053,71,5.541151258
1748,Polygon ZM,679.507333,1.807065,31.7772,0.707321,480.63,2.874,71,9.300519119
1759,Polygon ZM,710.735044,2.117379,30.7055,0.583717,414.868,2.89696,52,12.78217766
1773,Polygon ZM,422.725548,1.598151,21.0212,0.787617,332.946,1.97362,71,4.46454552
1794,Polygon ZM,805.212628,2.734442,30.6115,0.707186,569.435,3.81282,71,8.963475761
1805,Polygon ZM,493.982281,1.193932,28.4204,0.723712,357.501,2.04124,71,7.852215475
1838,Polygon ZM,367.194472,1.021729,22.8369,0.783141,287.565,1.32054,71,4.952387297
1892,Polygon ZM,574.508319,1.232313,32.5345,0.652584,374.915,1.92549,71,11.30300585
1900,Polygon ZM,531.203775,1.194318,30.5569,0.607993,322.968,1.87816,71,11.9785187
1906,Polygon ZM,449.032858,1.09758,26.9444,0.740146,332.35,1.5886,71,7.001610118
1945,Polygon ZM,1045.149479,3.427273,35.4905,0.552066,576.991,5.69928,71,15.89740163
1957,Polygon ZM,473.91515,1.271346,26.4227,0.698239,330.906,1.86849,71,7.973340375
1992,Polygon ZM,880.995224,2.348693,36.1384,0.557407,491.073,4.04283,52,15.99460287
2005,Polygon ZM,380.965043,1.078369,23.0627,0.791663,301.596,1.29982,71,4.80481373
2028,Polygon ZM,686.07952,1.290398,37.9683,0.582737,399.804,2.34968,71,15.84276676
2067,Polygon ZM,657.99775,1.925183,29.8124,0.721822,474.957,3.02253,52,8.293153807
2071,Polygon ZM,504.834507,1.887407,23.1007,0.743093,375.139,2.41704,71,5.934731535
2075,Polygon ZM,1616.765762,6.240473,40.6862,0.671458,1085.59,11.1711,71,13.36712552
2099,Polygon ZM,549.619201,1.809294,25.6871,0.795156,437.033,2.50222,71,5.261848312
2113,Polygon ZM,2394.135809,8.467953,51.7211,0.406825,973.994,13.3674,71,30.67966349
2114,Polygon ZM,602.254265,1.097375,36.1419,0.614888,370.319,2.30064,52,13.91867939
2154,Polygon ZM,1042.9306,4.340225,31.4708,0.570519,595.012,5.77732,71,13.51611065
2158,Polygon ZM,585.386893,1.868161,26.9243,0.724852,424.319,2.78298,71,7.408167296
2168,Polygon ZM,495.507825,1.213276,28.28,0.779445,386.221,1.79102,71,6.2372954
2174,Polygon ZM,1148.920509,4.427714,34.3249,0.598468,687.592,7.35386,52,13.78254575
2175,Polygon ZM,346.810038,1.020372,21.5834,0.792301,274.778,1.2514,52,4.482850597
2190,Polygon ZM,742.084015,1.792732,34.8421,0.64179,476.262,2.88186,71,12.48078864
2217,Polygon ZM,735.467477,1.771549,34.7372,0.663899,488.276,3.26389,71,11.67520766
2228,Polygon ZM,1706.003777,3.829963,54.8013,0.581729,992.431,11.0762,71,22.92179455
2229,Polygon ZM,639.475099,1.752447,30.3675,0.757498,484.401,2.63829,71,7.364179485
2231,Polygon ZM,3734.907611,14.388653,61.8982,0.454916,1699.07,32.201,71,33.73971845
2232,Polygon ZM,591.330195,1.520381,30.1483,0.651154,385.047,2.20359,71,10.51711386
2255,Polygon ZM,402.605571,1.020596,25.0531,0.738239,297.219,1.48275,71,6.557924509
2279,Polygon ZM,689.531391,2.043766,30.3212,0.60953,420.29,3.03673,71,11.83951896
2294,Polygon ZM,365.449492,1.058804,22.3269,0.822926,300.738,1.30907,52,3.953513491
2295,Polygon ZM,1478.72799,6.412038,36.7112,0.557276,824.06,11.5051,71,16.25292931
2307,Polygon ZM,1079.409783,3.100838,38.535,0.50821,548.567,4.90163,71,18.95112765
2312,Polygon ZM,1769.688797,6.101619,45.0384,0.519987,920.215,9.64325,71,21.6190175
2316,Polygon ZM,649.261898,1.561777,32.6602,0.593914,385.606,2.3041,71,13.26284998
2332,Polygon ZM,768.332609,1.618751,37.9636,0.570397,438.255,3.17969,71,16.30927645
2346,Polygon ZM,2282.26784,9.184916,47.341,0.517687,1181.5,18.1194,71,22.83317973
2353,Polygon ZM,377.695636,1.097048,22.6693,0.772318,291.701,1.41461,71,5.161391563
2359,Polygon ZM,1054.178473,3.067013,37.8412,0.859701,906.278,5.01531,71,5.309082519
2368,Polygon ZM,545.127402,1.11711,32.4234,0.584394,318.569,1.77197,71,13.47535958
2378,Polygon ZM,2186.372606,9.529567,44.5242,0.445654,974.366,15.1414,52,24.68181217
2387,Polygon ZM,688.834581,2.328784,28.3765,0.749714,516.429,3.19487,71,7.102240679
2442,Polygon ZM,797.684165,1.733902,38.0827,0.580385,462.964,2.87057,71,15.98007216
2449,Polygon ZM,619.344189,1.520445,31.5759,0.725845,449.548,2.34803,71,8.656690865
2451,Polygon ZM,747.866239,2.310166,30.9322,0.677863,506.951,3.53263,71,9.964406111
2452,Polygon ZM,673.537124,1.964026,30.2132,0.70261,473.234,2.94603,71,8.985103548
2471,Polygon ZM,1791.324163,5.35106,48.6814,0.532321,953.56,11.9052,71,22.76726847
2477,Polygon ZM,450.545122,1.251672,25.3164,0.813803,366.655,1.59829,71,4.713837731
2506,Polygon ZM,627.145862,1.309522,34.4525,0.630255,395.262,2.37833,71,12.73863961
2512,Polygon ZM,469.077532,1.251155,26.3632,0.775234,363.645,1.83824,71,5.925551011
2525,Polygon ZM,665.851255,1.790533,31.282,0.693331,461.655,2.8687,52,9.593219658
2527,Polygon ZM,795.794999,3.349871,27.3335,0.640079,509.372,4.01407,52,9.837900654
2528,Polygon ZM,518.773635,1.116881,30.8591,0.660616,342.71,1.9738,71,10.47308479
2549,Polygon ZM,438.163369,1.32834,23.8996,0.789557,345.955,1.67486,71,5.029503523
2611,Polygon ZM,987.853566,2.233279,41.5556,0.495962,489.938,3.92749,52,20.94560151
2613,Polygon ZM,1526.697206,4.42791,45.6102,0.575681,878.891,10.4153,52,19.35327445
2614,Polygon ZM,433.529673,1.424775,22.8325,0.776565,336.664,1.87724,71,5.101579638
2635,Polygon ZM,3391.083065,14.095543,56.7814,0.41147,1395.33,26.8527,71,33.41755734
2639,Polygon ZM,509.115399,1.192263,29.3115,0.75872,386.276,1.84609,71,7.07227872
2658,Polygon ZM,476.977029,1.020482,29.6827,0.682821,325.69,1.49221,52,9.414729103
2662,Polygon ZM,549.613195,1.251079,30.8904,0.705702,387.863,2.23269,71,9.090982939
2667,Polygon ZM,947.545169,5.12077,26.3233,0.6216,588.994,6.14107,71,9.96073672
2668,Polygon ZM,575.863667,1.308699,31.6452,0.630483,363.072,2.27098,71,11.69343937
2688,Polygon ZM,997.80233,3.606863,33.0285,0.78681,785.081,4.7545,71,7.041345915
2698,Polygon ZM,656.20363,1.90395,29.8964,0.637493,418.325,2.88477,71,10.83765427
2699,Polygon ZM,927.438947,4.197002,28.4593,0.614577,569.983,5.70831,52,10.96886878
2711,Polygon ZM,645.665348,1.828704,30.0154,0.598339,386.327,2.70456,71,12.05601558
2712,Polygon ZM,1862.929844,6.74009,45.1099,0.445904,830.687,10.7071,52,24.99521515
2730,Polygon ZM,829.469469,2.153735,35.5314,0.703426,583.47,4.21133,52,10.53768942
2744,Polygon ZM,555.819848,1.270616,30.9981,0.699453,388.77,2.17545,71,9.316385961
2758,Polygon ZM,3483.620208,14.899905,56.7345,0.369044,1285.61,27.3069,71,35.79697318
2761,Polygon ZM,542.378241,1.195522,31.184,0.736497,399.46,1.74508,71,8.217077552
2764,Polygon ZM,685.700059,2.423228,27.6914,0.750561,514.66,3.41368,52,6.907315125
2786,Polygon ZM,877.70987,2.403911,35.5877,0.694589,609.648,3.83665,52,10.86887504
2791,Polygon ZM,839.202206,5.17823,23.1838,0.754539,633.211,6.4391,71,5.690718732
2796,Polygon ZM,1303.06169,4.019517,40.8589,0.500839,652.624,6.72164,52,20.39516938
2832,Polygon ZM,530.672184,1.384566,28.3516,0.699799,371.364,1.9807,52,8.511178672
2844,Polygon ZM,1200.845825,3.78804,38.7872,0.589251,707.599,7.35493,52,15.93180361
2850,Polygon ZM,545.022819,1.482471,28.1404,0.66257,361.116,2.07931,52,9.495415172
2851,Polygon ZM,585.311981,1.578816,29.284,0.643923,376.896,2.39711,52,10.42735887
2889,Polygon ZM,1282.133371,3.562002,42.7066,0.522742,670.225,7.42244,71,20.3820665
2894,Polygon ZM,481.438466,1.595852,23.9581,0.879091,423.228,2.0573,52,2.896749913
2910,Polygon ZM,1237.403425,5.970898,31.8346,0.613528,759.182,8.783,71,12.30318153
2942,Polygon ZM,391.536155,1.23062,22.188,0.760407,297.727,1.5575,52,5.316089484
2964,Polygon ZM,981.191329,2.595907,38.284,0.624671,612.922,4.90338,52,14.36909544
2968,Polygon ZM,498.927471,1.137663,29.4062,0.638638,318.634,1.71614,71,10.62628324
2978,Polygon ZM,570.003484,1.425754,30.0098,0.639986,364.794,2.1001,71,10.80394814
2982,Polygon ZM,1081.520876,2.583585,42.2992,0.50005,540.814,4.36703,71,21.14748504
2985,Polygon ZM,447.29473,1.115411,26.6247,0.723863,323.78,1.68273,52,7.352064784
2989,Polygon ZM,631.306617,1.634276,31.0446,0.69461,438.512,2.57639,52,9.480710394
2993,Polygon ZM,549.433608,1.654073,26.8563,0.736832,404.84,2.58689,52,7.067718758
2999,Polygon ZM,471.790654,1.096446,28.3246,0.877955,414.211,1.58696,71,3.456875807
3003,Polygon ZM,2464.791584,6.365554,61.4145,0.743734,1833.15,13.6956,71,15.73844826
3004,Polygon ZM,720.899505,1.692432,34.8359,0.747007,538.517,3.31755,52,8.813238849
3005,Polygon ZM,482.660893,1.038959,29.7681,0.93712,452.311,1.48148,71,1.871818128
3014,Polygon ZM,362.02243,1.03826,22.3353,0.789515,285.822,1.34589,52,4.701245621
3021,Polygon ZM,484.330892,1.153947,28.3438,0.721812,349.596,1.76939,52,7.884905034
3024,Polygon ZM,706.220191,1.617829,34.9046,0.738156,521.301,3.17788,71,9.139560082
3055,Polygon ZM,569.834481,1.309261,31.3072,0.661034,376.68,2.28158,71,10.61207636
3059,Polygon ZM,2109.464794,7.211026,49.3835,0.459392,969.072,13.2875,52,26.69711517
3068,Polygon ZM,416.346548,1.038283,25.6865,0.736869,306.793,1.45167,52,6.758914432
3124,Polygon ZM,1575.904142,6.247814,39.6346,0.523537,825.044,10.4612,71,18.88442042
3136,Polygon ZM,1058.40973,5.210339,29.1494,0.650614,688.616,7.85396,52,10.18439227
3138,Polygon ZM,1440.829111,5.231567,39.6009,0.474016,682.976,7.98199,52,20.82943979
3143,Polygon ZM,632.395569,1.176965,36.6451,0.616514,389.881,2.24781,71,14.05288282
3151,Polygon ZM,549.354999,1.442051,28.7588,0.698723,383.847,2.51878,52,8.664364988
3168,Polygon ZM,2952.75754,9.587758,59.9484,0.431651,1274.56,22.6698,71,34.07161319
3173,Polygon ZM,761.882961,2.194886,32.3289,0.713032,543.247,3.51374,71,9.277359775
3176,Polygon ZM,3514.989475,10.974702,66.7016,0.459535,1615.26,29.9732,71,36.04988024
3177,Polygon ZM,411.653803,1.365062,22.1495,0.792115,326.077,1.74959,52,4.604548808
3180,Polygon ZM,468.815158,1.403653,24.876,0.72507,339.924,1.9132,52,6.83915868
3183,Polygon ZM,945.551676,3.018606,34.213,0.598361,565.781,4.53752,52,13.74127511
3207,Polygon ZM,585.282497,1.559389,29.4643,0.616096,360.59,2.16582,71,11.31146263
3233,Polygon ZM,615.931934,1.423169,32.4573,0.643555,396.386,2.37515,52,11.5692423
3237,Polygon ZM,529.644477,1.367492,28.4728,0.788678,417.719,2.18607,71,6.016929042
3242,Polygon ZM,451.938037,1.134406,26.6749,0.74004,334.452,1.54779,52,6.934407004
3255,Polygon ZM,978.964897,2.081087,42.6609,0.508309,497.617,4.19108,71,20.97598058
3269,Polygon ZM,584.952014,1.999668,26.0046,0.757763,443.255,3.09564,71,6.29927629
3298,Polygon ZM,2009.853451,14.401118,33.2947,0.610054,1226.12,20.9664,71,12.98313509
3301,Polygon ZM,794.518472,2.118947,34.3125,0.545296,433.248,3.18805,71,15.602031
3307,Polygon ZM,854.301769,1.8846,39.121,0.611848,522.703,3.42304,52,15.18489439
3310,Polygon ZM,1891.062475,8.132486,41.6872,0.505936,956.757,14.8134,52,20.59614478
3320,Polygon ZM,563.392647,1.634261,27.7051,0.729834,411.183,2.28796,52,7.484976047
3334,Polygon ZM,819.274958,2.253572,34.3086,0.672523,550.981,4.40121,71,11.2352774
3345,Polygon ZM,454.854971,1.134782,26.8426,0.772679,351.457,1.52907,52,6.101886675
3352,Polygon ZM,411.645866,1.614927,20.3637,0.821578,338.199,1.85524,52,3.633332081
3369,Polygon ZM,1505.417639,4.488183,44.6715,0.471576,709.919,7.83987,71,23.60549272
3376,Polygon ZM,614.280148,1.231346,34.8005,0.772337,474.431,1.76044,71,7.922786232
3381,Polygon ZM,554.510006,1.175256,32.1552,0.695553,385.691,2.13858,71,9.789554174
3418,Polygon ZM,2573.880487,10.151389,50.7848,0.443268,1140.92,20.1297,52,28.27352327
3423,Polygon ZM,846.405803,2.788683,31.8631,0.658873,557.674,4.2311,52,10.86936371
3436,Polygon ZM,862.577589,3.216572,30.235,0.618813,533.774,4.71893,71,11.52518895
3445,Polygon ZM,1255.275836,4.519723,37.1186,0.549773,690.117,6.87574,52,16.71179592
3453,Polygon ZM,438.413813,1.117865,26.0674,0.709802,311.187,1.64789,71,7.564707345
3457,Polygon ZM,858.885748,2.480081,34.2855,0.578887,497.198,4.17192,52,14.43806976
3469,Polygon ZM,578.851241,1.538151,29.3411,0.760275,440.086,2.31684,52,7.033795198
3482,Polygon ZM,476.804764,1.192449,27.4492,0.788358,375.893,1.75021,52,5.809403586
3484,Polygon ZM,678.298204,2.137929,29.163,0.678706,460.365,3.42839,71,9.369896922
3556,Polygon ZM,1928.416921,7.674187,43.7616,0.479606,924.88,13.7039,52,22.77327407
3567,Polygon ZM,549.77505,1.078556,33.2791,0.565691,311.003,1.65635,71,14.45341264
3586,Polygon ZM,4262.494714,14.06369,71.4534,0.44519,1897.62,28.397,71,39.64306085
3602,Polygon ZM,1542.001063,6.680571,37.5048,0.626976,966.798,10.5984,71,13.99019052
3667,Polygon ZM,3483.838175,14.61198,57.2944,0.507768,1768.98,33.7134,52,28.2021371
3681,Polygon ZM,524.601382,1.788587,24.6594,0.790688,414.796,2.50979,52,5.161508333
3685,Polygon ZM,927.632028,3.524636,31.0618,0.68398,634.482,5.47956,71,9.816150036
3689,Polygon ZM,868.254025,2.749246,32.9191,0.696643,604.863,4.08542,52,9.986239419
3698,Polygon ZM,549.409119,1.13466,32.4244,0.738293,405.625,1.827,52,8.485692451
3725,Polygon ZM,408.727158,1.386246,21.8234,0.783909,320.405,1.71355,52,4.715840329
3742,Polygon ZM,575.616274,1.922936,26.0951,0.668166,384.607,2.52866,52,8.659241413
3782,Polygon ZM,631.724806,1.058903,38.593,0.676225,427.188,2.60874,71,12.49544858
3800,Polygon ZM,1654.677171,5.807318,43.1652,0.582179,963.319,10.9128,52,18.03532703
3802,Polygon ZM,509.481836,1.309581,27.9879,0.625832,318.85,1.72364,52,10.47217657
3831,Polygon ZM,1871.218754,7.096913,44.1569,0.45007,842.179,11.934,52,24.28320402
3841,Polygon ZM,726.284444,2.156504,31.0914,0.710029,515.683,3.61022,71,9.015604349
3848,Polygon ZM,481.43156,1.288152,26.6661,0.820021,394.784,1.66306,52,4.799338012
3858,Polygon ZM,568.438763,1.868613,26.1416,0.778017,442.255,2.42727,71,5.802990793
3871,Polygon ZM,473.835463,1.386448,25.2979,0.712815,337.757,1.99302,71,7.265177412
3895,Polygon ZM,386.902365,1.173232,22.4552,0.796278,308.082,1.49058,52,4.574618254
3903,Polygon ZM,1368.461055,5.726631,35.9494,0.856181,1171.65,7.59697,71,5.170206759
3904,Polygon ZM,603.973127,1.232359,34.2025,0.783702,473.335,2.00259,71,7.397932345
3940,Polygon ZM,381.006454,1.00164,23.9323,0.801671,305.442,1.26168,71,4.746469127
3944,Polygon ZM,509.510312,1.136383,30.0469,0.705946,359.687,1.75273,71,8.835411133
3952,Polygon ZM,585.467387,1.483425,30.2189,0.640516,375.001,2.29256,52,10.86321105
3987,Polygon ZM,538.906599,1.540494,27.2956,0.708846,382.002,2.39739,52,7.947223122
3993,Polygon ZM,475.316182,1.405599,25.2035,0.783211,372.273,2.04101,71,5.463841562
3994,Polygon ZM,799.133822,1.849069,36.9446,0.567716,453.681,3.31291,71,15.97055947
4019,Polygon ZM,1071.0675,3.960797,33.8325,0.573604,614.369,5.73931,52,14.42604267
4021,Polygon ZM,3407.557111,11.194069,64.0262,0.411638,1402.68,24.1896,71,37.67058308
4033,Polygon ZM,1281.450935,7.826826,28.795,0.599067,767.675,10.1441,52,11.54486574
4036,Polygon ZM,518.871436,1.271508,28.9274,0.691634,358.869,2.04212,71,8.920226628
4049,Polygon ZM,588.420708,1.367449,31.633,0.737331,433.861,2.43637,71,8.309008477
4064,Polygon ZM,645.897539,1.541319,32.7059,0.621224,401.247,2.41794,52,12.38820998
4080,Polygon ZM,520.341182,1.945363,23.4529,0.763165,397.106,2.60987,71,5.554467572
4093,Polygon ZM,920.825269,4.211605,28.2073,0.625386,575.871,5.82701,52,10.56684948
4100,Polygon ZM,723.281876,2.330896,29.782,0.749715,542.255,3.63119,71,7.45398787
4101,Polygon ZM,1726.94467,5.182255,47.69,0.555218,958.83,8.48618,71,21.21165358
4111,Polygon ZM,1046.904954,2.869515,38.8518,0.629927,659.474,6.16273,71,14.37800218
4115,Polygon ZM,1315.591609,5.076519,36.7068,0.538298,708.18,7.89359,52,16.94760297
4120,Polygon ZM,427.113748,1.172831,24.7933,0.728609,311.199,1.5093,52,6.72867848
4126,Polygon ZM,1194.246419,4.142519,36.8867,0.726522,867.646,6.55096,52,10.08770094
4133,Polygon ZM,340.719984,1.001562,21.4026,0.835528,284.681,1.30973,71,3.520128427
4151,Polygon ZM,815.484988,3.404108,27.7858,0.642423,523.886,4.36572,52,9.935563007
4161,Polygon ZM,1105.228098,2.999247,40.1194,0.587405,649.216,5.76777,52,16.55306384
4170,Polygon ZM,1136.724893,3.735696,36.9724,0.734621,835.062,6.04643,52,9.81169854
4183,Polygon ZM,1177.150757,3.121151,41.8874,0.522834,615.454,5.65468,71,19.98724311
4185,Polygon ZM,620.622309,1.269369,34.6292,0.627917,389.699,2.2214,52,12.88493662
4186,Polygon ZM,489.016803,1.250153,27.4948,0.680897,332.97,1.81753,52,8.773673164
4188,Polygon ZM,436.809852,1.637765,21.4573,0.829379,362.281,1.94605,71,3.661065983
4193,Polygon ZM,475.582437,1.638143,23.3592,0.781225,371.537,2.13922,71,5.11040898
4207,Polygon ZM,852.049875,2.139387,36.6209,0.590914,503.488,3.90294,71,14.9810975
4275,Polygon ZM,1389.375585,5.259809,38.0841,0.647889,900.161,9.7104,71,13.40983054
4287,Polygon ZM,625.294891,1.904018,28.4877,0.708845,443.237,3.04836,52,8.294336294
4297,Polygon ZM,393.368625,1.175056,22.8128,0.817861,321.721,1.464,71,4.155100579
4312,Polygon ZM,584.904878,4.152416,18.0444,0.864807,505.83,4.50806,52,2.439476569
4313,Polygon ZM,712.395399,1.63712,35.0017,0.642236,457.526,3.41869,71,12.5223482
4337,Polygon ZM,1729.91104,5.297325,47.2502,0.663572,1147.92,12.5786,71,15.89629029
4342,Polygon ZM,1966.963417,11.766651,36.0478,0.5367,1055.67,17.1789,52,16.70094574
4345,Polygon ZM,1988.215587,7.989881,44.2183,0.475469,945.334,13.6694,71,23.19386912
4363,Polygon ZM,1022.066629,3.408405,34.8026,0.652983,667.392,5.52663,52,12.07709384
4368,Polygon ZM,1519.292908,5.624672,40.2718,0.639166,971.081,9.87208,71,14.53143468
4389,Polygon ZM,543.649707,1.136587,32.0573,0.742186,403.489,1.91679,71,8.264820742
4412,Polygon ZM,677.224012,1.330982,36.9024,0.668045,452.416,2.70054,71,12.24993619
4437,Polygon ZM,760.197677,2.291093,31.5728,0.698009,530.625,3.75432,71,9.534701445
4446,Polygon ZM,447.614067,1.155853,26.1734,0.745866,333.86,1.68562,71,6.651550836
4449,Polygon ZM,392.080515,1.350295,21.2114,0.767337,300.858,1.58177,71,4.935107958
4454,Polygon ZM,570.900547,1.403584,30.2935,0.672904,384.161,2.35533,52,9.908882676
4468,Polygon ZM,518.4293,2.384029,21.1078,0.81126,420.581,2.807,52,3.983886172
4482,Polygon ZM,1073.389626,3.429394,36.4382,0.633472,679.962,6.08815,71,13.35562057
4491,Polygon ZM,1167.701222,4.044946,36.4992,0.68352,798.147,6.56823,52,11.55126682
4500,Polygon ZM,640.667002,2.82629,23.957,0.696257,446.069,3.52806,52,7.276771051
4503,Polygon ZM,1096.296118,2.984705,39.892,0.637917,699.346,7.20178,52,14.44421504
4505,Polygon ZM,2942.773059,11.769921,53.9235,0.430879,1267.98,20.9201,71,30.68899624
4546,Polygon ZM,468.806024,1.384372,25.0481,0.732098,343.212,1.85544,52,6.710436086
4568,Polygon ZM,367.000517,1.059178,22.4177,0.752928,276.325,1.31916,52,5.538785974
4573,Polygon ZM,1037.563383,3.716656,33.8335,0.643535,667.708,6.38379,52,12.06045858
4576,Polygon ZM,2090.501057,13.091876,36.321,0.504625,1054.92,19.4455,71,17.99251538
4599,Polygon ZM,306.565452,1.001286,19.2598,0.843696,258.648,1.1457,71,3.010383779
4628,Polygon ZM,859.374289,2.290966,35.6929,0.61474,528.292,3.64822,71,13.75104665
4640,Polygon ZM,431.791931,1.576555,21.6186,0.784389,338.693,1.87456,52,4.661207965
4641,Polygon ZM,690.627765,2.446025,27.7602,0.757024,522.822,3.57274,52,6.745062355
4653,Polygon ZM,662.715552,2.118045,28.6265,0.717602,475.566,3.27335,71,8.084066347
4655,Polygon ZM,689.148759,3.447858,23.3317,0.781193,538.358,4.24723,71,5.105139282
4663,Polygon ZM,421.261644,1.020754,26.212,0.807626,340.222,1.48298,52,5.042507288
4664,Polygon ZM,456.61684,1.384334,24.3972,0.738768,337.334,1.74964,52,6.37332935
4684,Polygon ZM,778.840121,2.348825,31.9471,0.633192,493.155,3.93717,71,11.71845186
4686,Polygon ZM,1918.845915,7.45403,44.1828,0.582699,1118.11,15.1295,71,18.43752662
4722,Polygon ZM,768.141849,2.041515,33.7966,0.589968,453.179,3.26449,71,13.85768749
4731,Polygon ZM,814.441383,2.098472,35.3441,0.542461,441.803,3.34023,71,16.17130417
4732,Polygon ZM,620.905416,2.214032,26.2326,0.753376,467.775,2.94562,71,6.469588742
4748,Polygon ZM,2031.896873,8.860222,42.9129,0.49817,1012.23,14.5422,71,21.53498061
4754,Polygon ZM,886.001228,2.312158,36.6298,0.59788,529.722,4.33529,52,14.72957518
4782,Polygon ZM,606.427524,1.403298,32.182,0.667445,404.757,2.46058,52,10.70228501
4799,Polygon ZM,362.365369,1.232635,20.5181,0.834826,302.512,1.49264,52,3.389056649
4812,Polygon ZM,398.04292,1.001784,25.0006,0.776494,309.078,1.29076,71,5.587784104
4824,Polygon ZM,734.048625,2.041588,32.296,0.724207,531.603,3.1587,71,8.907010728
4835,Polygon ZM,836.769711,1.755742,39.6994,0.603287,504.812,2.89408,71,15.74926807
4856,Polygon ZM,942.910733,2.887825,34.8814,0.610558,575.702,4.44725,71,13.58428218
4875,Polygon ZM,625.64151,2.233907,26.3149,0.692622,433.333,3.11977,52,8.088621332
4882,Polygon ZM,449.094895,1.194158,25.8354,0.715949,321.529,1.75271,71,7.338571205
4890,Polygon ZM,2274.850658,9.763399,45.7679,0.495215,1126.54,21.7703,52,23.1029494
4898,Polygon ZM,421.201943,1.501602,21.6083,0.818942,344.94,1.78075,71,3.912355581
4911,Polygon ZM,493.917436,1.713395,23.7211,0.723305,357.253,2.23319,71,6.563509765
4924,Polygon ZM,1520.097398,5.187019,41.9586,0.468309,711.876,8.29152,71,22.30900999
4926,Polygon ZM,788.376847,1.656817,38.5039,0.709809,559.597,3.36179,71,11.17348524
4949,Polygon ZM,521.483633,1.385265,27.8537,0.769203,401.127,2.04903,52,6.428550399
4955,Polygon ZM,905.204684,2.499034,35.9972,0.544422,492.813,4.31564,52,16.39953238
4991,Polygon ZM,2291.616354,7.847519,51.4262,0.374797,858.892,12.6486,71,32.15181452
4998,Polygon ZM,1105.924371,3.236894,38.6429,0.568505,628.723,6.32928,71,16.67421814
5016,Polygon ZM,336.12763,1.021237,20.9098,0.790601,265.743,1.20429,71,4.37849121
5020,Polygon ZM,424.71952,1.27322,23.6624,0.805499,342.111,1.65904,71,4.602360462
5026,Polygon ZM,469.218927,1.117052,27.9092,0.709251,332.794,1.82002,71,8.114571991
5056,Polygon ZM,2571.753232,11.994244,46.6822,0.510562,1313.04,20.6824,52,22.8480426
5058,Polygon ZM,740.225062,1.829746,34.4015,0.656013,485.597,3.32244,71,11.83366878
5088,Polygon ZM,591.07299,1.48066,30.5367,0.658142,389.01,2.47097,52,10.43921519
5117,Polygon ZM,783.75115,2.408348,31.7488,0.700657,549.141,4.28685,71,9.503781038
5171,Polygon ZM,463.141163,1.001951,29.087,0.72653,336.486,1.73414,71,7.95442189
5199,Polygon ZM,1246.722513,3.043288,44.9269,0.614488,766.096,6.82816,71,17.31985907
5209,Polygon ZM,920.335442,2.217362,38.854,0.535598,492.93,3.54777,71,18.04387531
5234,Polygon ZM,533.324232,1.215529,30.4101,0.780928,416.488,1.88118,52,6.662001427
5246,Polygon ZM,504.32204,1.076418,30.5581,0.637733,321.623,1.72035,71,11.07019121
5262,Polygon ZM,845.572508,1.579377,42.2977,0.612403,517.831,3.46692,71,16.39446163
5265,Polygon ZM,1758.090072,13.054821,30.5889,0.648732,1140.53,18.5536,71,10.74490173
5267,Polygon ZM,535.801477,1.32891,29.219,0.69045,369.944,2.23411,71,9.04474145
5278,Polygon ZM,803.190473,4.479981,23.8555,0.698593,561.103,5.44135,52,7.190214689
5308,Polygon ZM,749.48162,3.485661,25.2364,0.766378,574.386,4.45819,52,5.895778241
5325,Polygon ZM,504.318771,1.230175,28.5845,0.631991,318.725,1.71071,52,10.51935326
5341,Polygon ZM,2047.405069,7.415805,47.2643,0.458824,939.399,14.7257,71,25.57830482
5344,Polygon ZM,539.046994,1.001965,33.8539,0.681343,367.276,1.87869,71,10.78778221
5349,Polygon ZM,1926.487729,7.087674,45.4907,0.461522,889.117,12.9427,52,24.49574115
5372,Polygon ZM,2326.919246,8.04706,51.5669,0.546908,1272.61,21.5904,52,23.36454985
5383,Polygon ZM,1663.134364,5.17975,45.939,0.443669,737.882,9.15603,71,25.55728981
5425,Polygon ZM,574.947613,1.138186,33.879,0.672244,386.505,2.22814,71,11.10404552
5429,Polygon ZM,493.555135,1.057187,30.1765,0.682724,336.962,1.74916,71,9.574279214
5438,Polygon ZM,685.591768,2.499132,27.2634,0.730036,500.507,3.49879,52,7.360136518
5441,Polygon ZM,531.284085,1.040481,32.743,0.719442,382.228,1.88828,71,9.186310594
5444,Polygon ZM,518.411918,1.691758,25.0561,0.755181,391.495,2.24927,52,6.134209346
5445,Polygon ZM,558.725692,1.634374,27.4746,0.776911,434.08,2.50925,52,6.129281039
5451,Polygon ZM,2042.850496,8.844408,43.1828,0.48322,987.147,14.8048,52,22.31600738
5457,Polygon ZM,1776.906954,6.264475,44.6304,0.655099,1164.05,11.5363,71,15.39306959
5470,Polygon ZM,1073.162553,3.774277,34.7262,0.601668,645.688,5.86361,71,13.8325567
5474,Polygon ZM,1446.482156,3.921281,45.9206,0.51298,742.016,8.89015,52,22.36425061
5531,Polygon ZM,1313.675296,4.056934,41.0013,0.515625,677.364,7.55628,52,19.86000469
5563,Polygon ZM,718.491058,2.233712,30.2215,0.659371,473.752,3.35056,71,10.29431932
5565,Polygon ZM,962.052598,2.582833,37.6322,0.619137,595.642,4.85727,71,14.33271259
5570,Polygon ZM,795.778481,2.040653,35.02,0.655581,521.697,4.11017,52,12.06155338
5605,Polygon ZM,487.514387,1.249656,27.4158,0.723283,352.611,1.89371,52,7.586417929
5641,Polygon ZM,1028.489317,4.065402,32.0669,0.631402,649.39,6.68576,71,11.81979521
5660,Polygon ZM,2792.243376,8.97554,58.5911,0.461965,1289.92,23.5272,71,31.52406249
5664,Polygon ZM,641.090824,1.79078,30.1167,0.677239,434.172,2.78245,71,9.720496209
5665,Polygon ZM,571.46943,1.752897,27.1346,0.663409,379.118,2.3693,71,9.133262149
5684,Polygon ZM,500.247962,1.541127,25.3323,0.763737,382.058,2.14795,71,5.985085195
5740,Polygon ZM,551.190564,1.367019,29.6362,0.704569,388.352,2.36822,52,8.755452202
5741,Polygon ZM,628.584941,1.82916,29.2177,0.703086,441.949,3.02293,71,8.675144178
5753,Polygon ZM,1308.819954,3.306218,45.2504,0.567096,742.226,7.96759,71,19.58907916
5766,Polygon ZM,628.886025,1.541407,31.8436,0.716505,450.6,2.04236,71,9.027501382
5797,Polygon ZM,1420.354039,5.702983,37.3899,0.594812,844.844,8.84347,71,15.1499388
5824,Polygon ZM,1074.732215,2.580708,42.0571,0.548001,588.954,4.41995,71,19.00976714
5836,Polygon ZM,968.3785,2.57576,37.9316,0.57604,557.825,4.6998,52,16.08148114
5870,Polygon ZM,722.623352,1.461205,37.5807,0.548453,396.325,2.60517,52,16.96945234
5909,Polygon ZM,691.644553,1.960656,31.0521,0.741997,513.198,3.15242,52,8.011534956
5926,Polygon ZM,554.346933,1.597999,27.5678,0.700139,388.12,2.397,71,8.266508076
5936,Polygon ZM,576.021974,1.77155,27.2064,0.698447,402.321,2.52253,71,8.204171539
5946,Polygon ZM,514.265712,1.233221,29.1122,0.678803,349.085,1.93654,52,9.350751303
5956,Polygon ZM,829.909951,2.752991,31.4439,0.618742,513.5,4.26425,71,11.98823843
5960,Polygon ZM,754.11769,1.752359,35.8126,0.712467,537.284,3.41807,71,10.29730432
5964,Polygon ZM,1245.644596,2.845008,46.426,0.505786,630.029,5.63235,52,22.94437916
5975,Polygon ZM,1337.905453,4.409315,40.0542,0.642735,859.919,8.3854,71,14.30996376
6001,Polygon ZM,567.362501,1.505009,29.0736,0.704599,399.763,2.45047,71,8.588370514
6009,Polygon ZM,3357.243277,10.744727,64.3863,0.353486,1186.74,22.5101,71,41.62664436
6038,Polygon ZM,3211.065781,10.964206,60.9634,0.389547,1250.86,26.264,71,37.21529042
6047,Polygon ZM,662.138236,2.095228,28.7569,0.621471,411.5,2.8449,52,10.8853206
6068,Polygon ZM,2506.664019,7.161466,58.8849,0.437362,1096.32,19.9924,71,33.13088237
6108,Polygon ZM,915.706151,2.159143,39.1763,0.684284,626.603,4.17371,71,12.36858473
6109,Polygon ZM,509.439917,1.039785,31.4072,0.654242,333.297,1.9159,71,10.85929066
6115,Polygon ZM,778.822642,2.09844,33.7986,0.641905,499.93,3.54232,71,12.10310967
6135,Polygon ZM,777.601416,2.003995,34.5316,0.738224,574.044,3.25647,52,9.039544122
6162,Polygon ZM,1010.986676,2.257799,42.2972,0.754095,762.38,4.24543,71,10.40109297
6172,Polygon ZM,1430.689026,4.466542,42.5567,0.510188,729.921,8.17261,71,20.84478234
6177,Polygon ZM,721.839856,1.560819,36.3223,0.718961,518.975,2.91931,71,10.20798287
6193,Polygon ZM,2686.493831,11.358963,50.1101,0.47648,1280.06,21.4473,71,26.23363955
6197,Polygon ZM,1466.33195,5.256113,40.2076,0.522869,766.7,8.76985,71,19.1842924
6218,Polygon ZM,611.82849,1.695564,29.538,0.708856,433.698,2.61078,71,8.599811472
6226,Polygon ZM,665.867391,1.23227,37.7088,0.594408,395.797,2.5223,71,15.29438761
6247,Polygon ZM,463.231355,1.195167,26.6374,0.688086,318.743,1.53251,52,8.308577984
6249,Polygon ZM,665.860666,1.347762,36.0566,0.613308,408.378,2.44522,71,13.94279877
6251,Polygon ZM,570.150112,1.233815,32.268,0.598509,341.24,1.98567,71,12.95531159
6276,Polygon ZM,479.927062,1.270596,26.7658,0.715717,343.492,1.84814,71,7.609061921
6286,Polygon ZM,1150.949849,3.276051,39.9751,0.699854,805.497,5.43438,71,11.99836636
6292,Polygon ZM,727.997338,2.292808,30.2242,0.710792,517.455,3.54518,71,8.741080434
6294,Polygon ZM,509.40344,1.155148,29.7956,0.66797,340.266,1.85786,52,9.893033068
6310,Polygon ZM,529.750293,1.271736,29.5312,0.716226,379.421,2.03285,52,8.380186749
6320,Polygon ZM,2271.402709,5.717827,59.7155,0.405807,921.75,13.9288,71,35.48253209
6327,Polygon ZM,563.88611,2.332106,23.2127,0.819407,462.052,2.86213,71,4.192051131
6336,Polygon ZM,432.164916,1.271708,24.0915,0.745741,322.283,1.73415,71,6.125480699
6342,Polygon ZM,1210.700823,3.465595,40.8843,0.657025,795.461,7.14301,71,14.02229279
6349,Polygon ZM,856.253927,3.407989,29.1583,0.67332,576.533,5.24676,71,9.525433444
6359,Polygon ZM,2574.30551,8.747399,54.7179,0.435422,1120.91,18.4678,71,30.89252255
6364,Polygon ZM,554.332034,1.00109,34.8291,0.576245,319.431,1.59789,71,14.75900527
6367,Polygon ZM,462.693985,1.345787,25.0735,0.700977,324.338,1.77836,52,7.497553191
6372,Polygon ZM,686.01452,2.156551,29.3672,0.720741,494.439,3.24445,71,8.201054905
6379,Polygon ZM,611.615067,2.426064,24.6851,0.701034,428.763,3.12886,71,7.380005607
6380,Polygon ZM,1890.637374,6.874145,45.3323,0.64428,1218.1,14.4993,71,16.12560576
6393,Polygon ZM,475.300484,1.694331,22.955,0.805928,383.058,2.25269,71,4.45492276
6396,Polygon ZM,963.520918,2.216193,40.688,0.728309,701.741,3.53628,71,11.05456341
6401,Polygon ZM,685.965528,1.520857,34.9677,0.706486,484.625,2.5508,71,10.2635095
6403,Polygon ZM,857.957336,2.638929,33.2017,0.666596,571.911,4.08358,71,11.06957959
6407,Polygon ZM,1113.743426,3.815457,35.8443,0.635717,708.026,6.52289,52,13.05746914
6421,Polygon ZM,1325.703971,4.045159,41.4369,0.525551,696.725,7.67618,71,19.65969577
6431,Polygon ZM,827.010131,2.273045,34.4838,0.611393,505.628,4.13193,71,13.40064607
6436,Polygon ZM,1205.094139,3.545459,40.234,0.553909,667.513,6.40688,71,17.94802529
6438,Polygon ZM,707.600464,2.310232,29.2664,0.746061,527.913,3.3402,71,7.43188035
6441,Polygon ZM,718.752308,1.869216,33.049,0.677116,486.679,3.19887,71,10.67099332
6475,Polygon ZM,915.796514,4.262334,27.8858,0.709874,650.1,5.99812,71,8.090395611
6483,Polygon ZM,889.157933,2.64009,34.4016,0.721699,641.704,4.26847,71,9.573999682
6490,Polygon ZM,1739.023877,5.179732,48.0353,0.543281,944.779,9.81071,71,21.93863418
6495,Polygon ZM,638.064718,1.579558,31.9158,0.701217,447.422,2.81239,71,9.535898471
6497,Polygon ZM,1521.123998,4.933034,43.0542,0.618309,940.524,9.91426,52,16.43340065
6503,Polygon ZM,1130.734472,3.14068,40.1104,0.509198,575.768,5.57809,71,19.68626454
6521,Polygon ZM,825.46037,2.735182,31.377,0.631622,521.379,4.25687,71,11.55859651
6528,Polygon ZM,545.005851,1.155097,31.8787,0.578407,315.235,1.7904,71,13.43983677
6545,Polygon ZM,672.26163,2.697661,25.7308,0.765531,514.637,3.73819,71,6.033074945
6548,Polygon ZM,740.059156,2.137063,31.8248,0.722583,534.754,3.35,71,8.828740542
6558,Polygon ZM,1144.633572,4.161768,35.2725,0.659983,755.439,7.67807,71,11.99324963
6568,Polygon ZM,576.135432,1.984126,25.7127,0.699186,402.826,2.72577,71,7.734740138
6593,Polygon ZM,704.652018,2.022587,31.148,0.710745,500.828,3.04352,71,9.00971474
6595,Polygon ZM,1652.448282,4.563303,48.6292,0.671507,1109.63,8.78,71,15.9743518
6601,Polygon ZM,810.12887,2.370144,33.0807,0.64686,524.04,3.99841,71,11.6821184
6602,Polygon ZM,464.602627,1.25206,26.1022,0.710568,330.132,1.81067,71,7.55481195
6608,Polygon ZM,1208.151876,5.12509,33.549,0.604028,729.757,8.32347,71,13.28446463
6618,Polygon ZM,442.820696,1.078044,26.8113,0.694256,307.431,1.46306,52,8.197394107
6629,Polygon ZM,1166.240654,4.045387,36.4516,0.538874,628.457,6.86752,71,16.8087805
6642,Polygon ZM,611.623152,1.906245,27.8486,0.690628,422.404,2.51278,71,8.615577079
6643,Polygon ZM,1652.138696,5.661016,43.6524,0.583262,963.629,9.73348,71,18.19161387
6664,Polygon ZM,442.825861,1.424592,23.3236,0.750785,332.467,1.93475,52,5.812590974
6693,Polygon ZM,703.028808,2.291592,29.1953,0.628617,441.936,3.05225,71,10.8426381
6697,Polygon ZM,797.684516,1.483452,41.1721,0.638761,509.53,3.24625,71,14.87296823
6735,Polygon ZM,2200.601904,11.41732,40.9419,0.446787,983.201,16.0652,71,22.64959132
6745,Polygon ZM,680.015089,1.714935,32.644,0.683957,465.101,2.44715,71,10.31690769
6750,Polygon ZM,789.859128,2.369333,32.2586,0.642654,507.606,3.90074,71,11.52748168
6758,Polygon ZM,701.056557,2.114743,30.3063,0.761958,534.176,2.99909,52,7.214172265
6762,Polygon ZM,436.747335,1.020781,27.1752,0.779139,340.287,1.46376,52,6.001941847
6777,Polygon ZM,1737.710768,5.721213,45.6711,0.427704,743.226,9.61242,71,26.13738785
6787,Polygon ZM,478.648099,1.002034,30.0596,0.683721,327.262,1.68612,52,9.507220228
6796,Polygon ZM,725.293592,2.082984,31.5922,0.702946,509.842,3.9731,71,9.384589379
6802,Polygon ZM,946.193694,2.368663,38.6489,0.554294,524.469,4.63141,71,17.22604662
6820,Polygon ZM,833.131565,2.17577,35.5071,0.546851,455.599,3.29254,71,16.09000686
6849,Polygon ZM,1497.407853,10.407911,29.1788,0.857081,1283.4,13.2071,71,4.170204917
6862,Polygon ZM,357.74688,1.23285,20.2549,0.82841,296.361,1.45438,71,3.475538291
6869,Polygon ZM,574.633907,2.061391,25.1605,0.680929,391.285,2.67788,71,8.027985896
6895,Polygon ZM,498.712232,1.675913,24.2177,0.708683,353.429,2.14787,71,7.055027711
6937,Polygon ZM,1146.10494,3.525284,38.3739,0.524328,600.935,6.06811,71,18.25338976
6942,Polygon ZM,773.269313,2.083192,33.6802,0.555471,429.529,3.09585,71,14.97182563
6957,Polygon ZM,1017.559665,4.623181,29.7507,0.589098,599.442,6.01977,71,12.22462213
6976,Polygon ZM,718.855963,1.522794,36.621,0.586243,421.424,2.66007,71,15.1521951
6991,Polygon ZM,549.652437,1.328278,29.9814,0.721754,396.714,2.25229,52,8.342204624
7015,Polygon ZM,1256.761413,5.998808,32.2574,0.569495,715.72,8.36168,71,13.88697199
7032,Polygon ZM,858.179797,1.946359,38.6701,0.656459,563.36,3.33387,52,13.28476482
7069,Polygon ZM,616.77279,2.931637,22.6453,0.730681,450.664,3.54882,71,6.098809551
7083,Polygon ZM,787.376727,3.918723,25.0045,0.792012,623.612,5.12523,71,5.200635946
7087,Polygon ZM,447.678708,1.040628,27.5884,0.708148,317.023,1.46459,71,8.051729717
7112,Polygon ZM,554.313171,1.963514,24.8683,0.753316,417.573,2.51215,52,6.134611717
7142,Polygon ZM,556.61351,1.293349,30.7684,0.693264,385.88,2.21027,71,9.437775942
7154,Polygon ZM,619.394787,1.636301,30.44,0.769813,476.818,2.6662,52,7.00689228
7159,Polygon ZM,849.429653,3.300831,29.3917,0.647104,549.669,4.59414,71,10.37221336
7162,Polygon ZM,522.037293,1.214103,29.7839,0.706605,368.874,1.82115,71,8.738447341
7172,Polygon ZM,2821.814034,11.248459,52.892,0.499037,1408.19,23.9319,71,26.496935
7175,Polygon ZM,1500.779785,4.757977,43.2528,0.468104,702.521,8.36016,71,23.00599131
7188,Polygon ZM,428.979591,1.252054,24.1009,0.750241,321.838,1.55062,71,6.019416683
7218,Polygon ZM,877.943121,1.943896,39.5857,0.550194,483.039,3.39701,52,17.80588537
7223,Polygon ZM,1728.415179,5.951781,44.5382,0.484378,837.206,11.0657,71,22.96487576
7272,Polygon ZM,1982.430955,7.840318,44.5082,0.482458,956.44,14.39,71,23.03486284
7312,Polygon ZM,478.567085,1.309863,26.2868,0.712228,340.849,1.75291,71,7.56460501
7320,Polygon ZM,624.09392,1.424798,32.8686,0.694525,433.449,2.42601,52,10.04053559
7321,Polygon ZM,503.350747,1.290548,27.8543,0.743678,374.331,1.69505,71,7.139669885
7367,Polygon ZM,539.076162,1.156271,31.5158,0.64922,349.979,1.85967,71,11.05511232
7370,Polygon ZM,2318.394556,7.627577,52.7719,0.416471,965.545,14.947,71,30.79393404
7374,Polygon ZM,810.031616,2.022782,35.8044,0.570863,462.417,3.54469,71,15.3649928
7434,Polygon ZM,1043.862168,3.525077,34.9516,0.633091,660.86,6.78048,71,12.8240566
7480,Polygon ZM,1567.402165,3.968364,49.4633,0.45979,720.676,7.89823,52,26.72056929
7481,Polygon ZM,1487.070625,3.719134,48.4752,0.514952,765.77,8.14164,71,23.51279881
7513,Polygon ZM,3435.59242,12.812984,60.3372,0.54496,1872.26,28.0054,71,27.45583949
7517,Polygon ZM,1189.49753,2.947312,43.5571,0.649198,772.22,6.62663,71,15.27991779
7563,Polygon ZM,624.206638,2.042062,27.4601,0.77243,482.156,2.7067,71,6.249094957
7574,Polygon ZM,525.101288,2.061751,22.9897,0.739859,388.501,2.63981,71,5.980563548
7586,Polygon ZM,377.879088,1.444707,19.7638,0.805512,304.386,1.6566,71,3.843821934
7640,Polygon ZM,456.930277,1.078877,27.6549,0.695977,318.013,1.50272,71,8.407725663
7648,Polygon ZM,515.700995,2.23439,21.6884,0.784734,404.688,2.71594,71,4.668775114
7695,Polygon ZM,596.015558,2.25184,24.9688,0.743704,443.259,2.92547,52,6.399403565
7726,Polygon ZM,712.176952,2.232609,29.9633,0.623959,444.369,3.10833,52,11.2674293
7734,Polygon ZM,752.459689,1.770735,35.548,0.632209,475.712,3.16615,52,13.07423447
7744,Polygon ZM,309.676427,1.039331,19.0959,0.874329,270.759,1.12594,52,2.399800849
7761,Polygon ZM,549.901174,1.194724,31.6271,0.64373,353.988,1.92697,71,11.26778692
7876,Polygon ZM,2932.120271,11.271316,54.9039,0.4645,1361.97,23.9201,71,29.40103845
7888,Polygon ZM,507.842327,2.116965,21.9422,0.804303,408.459,2.52111,71,4.294022713
7900,Polygon ZM,2744.436572,12.944924,47.9526,0.415029,1139.02,22.6633,71,28.05088037
7983,Polygon ZM,398.177707,1.195176,22.8965,0.760809,302.937,1.46506,71,5.476636732
7984,Polygon ZM,514.229796,1.117433,30.5812,0.631393,324.681,1.64725,71,11.27244439
7986,Polygon ZM,1424.963412,4.026504,44.6425,0.514661,733.373,7.63882,71,21.66674631
7988,Polygon ZM,483.247282,1.059588,29.5127,0.689163,333.036,1.70497,71,9.17363913
8017,Polygon ZM,950.140868,2.738615,36.0937,0.827604,786.34,4.24288,71,6.222409505
8023,Polygon ZM,590.242857,1.464892,30.6575,0.686514,405.21,2.32262,71,9.610697045
8033,Polygon ZM,461.634328,1.484014,23.8225,0.826228,381.415,1.76347,71,4.13968347
8036,Polygon ZM,822.560245,2.216225,34.7352,0.755422,621.38,3.62305,71,8.495465746
8042,Polygon ZM,3560.455945,8.894797,75.0492,0.887914,3161.38,16.7677,71,8.411964631
8047,Polygon ZM,2394.652863,10.288553,46.9325,0.426083,1020.32,18.8816,71,26.9353596
8049,Polygon ZM,857.125122,2.85433,31.8934,0.814585,698.201,4.24297,71,5.913514761
8061,Polygon ZM,549.834603,1.964983,24.6582,0.730023,401.392,2.58145,71,6.657146861
8066,Polygon ZM,1048.556339,2.292462,43.5361,0.484856,508.399,3.97809,71,22.4273607
8069,Polygon ZM,2592.834392,8.400109,56.2394,0.362956,941.086,14.5461,71,35.82697233
8096,Polygon ZM,544.63652,1.345725,29.5146,0.654984,356.728,2.05704,71,10.18300923
8131,Polygon ZM,1668.055491,5.151906,46.1993,0.46272,771.842,10.1789,52,24.8219599
8136,Polygon ZM,1629.207693,5.555797,43.4522,0.540092,879.922,11.1981,52,19.9840144
8144,Polygon ZM,502.965866,1.922519,22.804,0.755845,380.164,2.41276,71,5.56771062
8156,Polygon ZM,1589.435911,5.998154,40.7984,0.643581,1022.93,11.0447,71,14.54132493
8178,Polygon ZM,620.508511,1.634132,30.5149,0.622617,386.339,2.32623,71,11.51580451
8189,Polygon ZM,731.814429,1.518035,37.3395,0.711081,520.379,3.51646,71,10.788091
8223,Polygon ZM,458.009062,1.634155,22.5235,0.767895,351.703,2.05711,71,5.227816968
8235,Polygon ZM,537.089934,1.056954,32.8418,0.805953,432.869,1.71995,71,6.372852765
8241,Polygon ZM,468.811197,1.615134,23.1901,0.758713,355.693,2.01892,71,5.595469659
8242,Polygon ZM,1177.802558,4.998558,33.1176,0.628604,740.371,7.1614,71,12.29974417
8249,Polygon ZM,3791.56938,12.670429,66.9625,0.439356,1665.85,32.5125,71,37.54212385
8256,Polygon ZM,518.328993,1.191465,29.852,0.646832,335.272,1.86407,71,10.54277114
8267,Polygon ZM,654.716171,1.557356,32.9813,0.625958,409.825,2.5283,71,12.33639141
8280,Polygon ZM,445.195391,1.056843,27.2241,0.828996,369.065,1.52762,71,4.655429996
8285,Polygon ZM,478.042242,1.191398,27.5325,0.686508,328.18,1.82553,71,8.63121849
8291,Polygon ZM,790.283486,1.767841,37.3654,0.646355,510.804,3.22824,71,13.21408688
8301,Polygon ZM,721.197407,2.672294,27.7345,0.649279,468.258,3.40285,71,9.727071575
8308,Polygon ZM,1455.686147,4.996514,40.9395,0.528321,769.07,9.78166,71,19.31030242
8324,Polygon ZM,1137.567338,5.671958,30.0275,0.62711,713.38,8.16185,71,11.19695448
8338,Polygon ZM,1122.709226,4.266139,34.171,0.671281,753.653,6.87967,71,11.23265695
8346,Polygon ZM,1428.493598,4.009249,44.8493,0.835552,1193.58,6.58257,71,7.375377686
8348,Polygon ZM,2357.469841,7.802349,53.0569,0.43601,1027.88,17.4496,71,29.92356103
8358,Polygon ZM,895.676765,2.056148,39.2674,0.653505,585.329,4.96742,71,13.60595776
8398,Polygon ZM,1085.779725,3.26704,37.7636,0.570422,619.353,6.34191,71,16.22241176
8402,Polygon ZM,1926.425059,6.1121,48.9853,0.421063,811.146,11.1094,71,28.35940263
8404,Polygon ZM,782.909847,2.575388,30.6689,0.600151,469.864,3.92074,71,12.262929
8412,Polygon ZM,1717.802521,10.151491,33.8935,0.638513,1096.84,14.2178,71,12.25205963
8413,Polygon ZM,452.057222,1.827863,21.0199,0.801069,362.129,2.2223,71,4.181509727
8427,Polygon ZM,430.708553,1.040868,26.5396,0.82921,357.148,1.34927,71,4.532698284
8477,Polygon ZM,498.294176,1.480423,25.7455,0.728154,362.835,2.02837,71,6.998811193
8527,Polygon ZM,1047.448219,4.285727,31.8074,0.588695,616.628,6.3229,71,13.08254266
8588,Polygon ZM,527.101641,1.018373,32.8359,0.815985,430.107,1.37385,71,6.042298139
8618,Polygon ZM,700.866401,2.08359,30.5237,0.944191,661.752,2.57555,71,1.703497173
8656,Polygon ZM,1458.165355,3.490483,49.0651,0.495999,723.249,7.52094,71,24.72885947
8836,Polygon ZM,358.906113,1.026412,22.2704,0.805397,289.062,1.24912,71,4.333886651
8908,Polygon ZM,495.205966,1.13181,29.2622,1,495.206,1.13181,52,0
9214,Polygon ZM,743.520715,4.35315,22.4027,0.732803,544.854,5.29991,71,5.985934232
9275,Polygon ZM,335.597549,1.08536,20.2507,0.801287,268.91,1.29257,71,4.024077349
9339,Polygon ZM,958.635743,4.680154,27.8569,0.716094,686.473,6.43763,71,7.908741051
9552,Polygon ZM,634.153504,3.461053,21.4288,0.814722,516.659,4.04751,71,3.970285206
9553,Polygon ZM,728.620358,2.633383,28.2262,0.738492,538.08,4.09423,71,7.38137711
9559,Polygon ZM,884.900102,2.709366,33.7963,0.725412,641.917,5.31303,71,9.280058424
9564,Polygon ZM,916.871744,2.556678,36.0478,0.841611,771.649,4.83466,71,5.709574994
9566,Polygon ZM,1196.27118,3.976796,37.7113,0.765826,916.136,7.09871,71,8.831005966
9673,Polygon ZM,528.238254,2.00832,23.4327,0.735818,388.687,2.58352,71,6.190497551
9702,Polygon ZM,435.487969,1.56432,21.8888,0.912294,397.293,1.72848,71,1.919779093
9708,Polygon ZM,435.487653,1.73813,20.7655,0.910457,396.493,1.82504,71,1.859405167
9712,Polygon ZM,435.48795,1.796073,20.4278,0.924965,402.811,1.86367,71,1.532799973
9790,Polygon ZM,362.330341,1.167892,21.0771,0.809532,293.318,1.43067,71,4.014513083
9844,Polygon ZM,354.152147,1.398095,18.8291,0.936905,331.807,1.44597,71,1.188022065
9975,Polygon ZM,527.415205,2.09138,22.9269,0.833078,439.378,2.72455,71,3.827004002
9979,Polygon ZM,374.462161,1.036101,23.1268,0.852975,319.407,1.25675,71,3.40021777
9993,Polygon ZM,299.146789,1.011334,18.7002,0.840517,251.438,1.10674,71,2.982363997
10000,Polygon ZM,578.171685,1.354871,31.226,0.615473,355.849,2.08956,71,12.0072401
10018,Polygon ZM,1117.644163,7.312535,25.9823,0.752777,841.337,10.5604,71,6.423422153
10019,Polygon ZM,395.854855,1.264099,22.1337,0.871544,345.005,1.41968,71,2.843206567
10027,Polygon ZM,375.836801,1.497472,19.3076,0.834572,313.663,1.68946,71,3.194017653
10041,Polygon ZM,667.401389,1.062962,40.6946,0.756187,504.68,2.43101,71,9.92187251
10070,Polygon ZM,503.406038,1.633609,24.7601,0.711195,358.02,2.03709,71,7.150840681
10076,Polygon ZM,542.385131,1.831113,25.1976,0.764966,414.906,2.24459,71,5.922292718
10087,Polygon ZM,320.478188,1.058554,19.5817,0.815712,261.418,1.21253,71,3.60867233
10127,Polygon ZM,480.249759,1.380259,25.6978,0.861208,413.595,1.69131,71,3.566649058
10165,Polygon ZM,340.270512,1.132799,20.0982,0.918525,312.547,1.19139,71,1.637500845
10171,Polygon ZM,1264.135355,5.515639,33.838,0.69187,874.617,9.59769,52,10.42650294
10211,Polygon ZM,394.24563,1.043595,24.261,0.84093,331.533,1.53585,71,3.85919727
10239,Polygon ZM,487.662268,1.279854,27.0986,0.801503,390.863,2.14621,52,5.378990804
10250,Polygon ZM,869.699325,3.0539,31.286,0.642688,558.945,4.61003,71,11.17886323
10271,Polygon ZM,496.125904,1.92585,22.4745,0.889893,441.499,2.1982,71,2.474599772
10290,Polygon ZM,2027.559168,3.796722,65.415,0.729971,1480.06,7.13152,71,17.66394704
10295,Polygon ZM,565.767046,2.144956,24.2849,0.792049,448.115,2.5521,71,5.05006924
10306,Polygon ZM,405.007499,1.391682,21.5825,0.804973,326.02,1.72966,52,4.209170228
10309,Polygon ZM,677.273504,2.832451,25.2983,0.862333,584.035,3.59957,71,3.482741066
10313,Polygon ZM,347.977338,1.199848,19.9708,0.835658,290.79,1.31787,71,3.282041214
10318,Polygon ZM,373.419778,1.478743,19.3045,0.821858,306.898,1.65386,71,3.438942239
10342,Polygon ZM,3414.914001,8.536175,73.4779,0.717532,2450.31,25.3368,71,20.75515546
10344,Polygon ZM,701.072827,4.754218,20.2131,0.788667,552.913,5.48641,52,4.271695062
10345,Polygon ZM,397.497394,1.01684,24.7809,0.800687,318.271,1.31591,71,4.939155522
10357,Polygon ZM,535.873765,3.369384,18.3525,0.835307,447.619,3.65017,52,3.022528283
10371,Polygon ZM,378.074701,1.382869,20.2114,0.808568,305.699,1.59712,71,3.869108725
10390,Polygon ZM,437.417544,1.991359,19.4863,0.844859,369.556,2.26019,71,3.023124068
10399,Polygon ZM,509.383289,1.969306,22.819,0.756758,385.48,2.42682,71,5.550539198
10446,Polygon ZM,639.75636,3.921573,20.3092,0.808767,517.414,4.50585,71,3.883789244
10449,Polygon ZM,384.756489,1.37103,20.6572,0.809465,311.447,1.57966,71,3.935919602
10452,Polygon ZM,549.842003,2.587865,21.487,0.796347,437.865,3.22488,71,4.375892011
10474,Polygon ZM,450.958151,1.261425,25.2414,0.818138,368.946,1.72195,52,4.590451487
10475,Polygon ZM,574.418401,3.229015,20.0956,0.823314,472.927,3.79709,71,3.550611182
10560,Polygon ZM,284.975698,1.015197,17.7804,0.890293,253.712,1.12468,71,1.950634343
10562,Polygon ZM,799.093193,3.184987,28.1483,0.714178,570.695,4.28978,71,8.045403403
10578,Polygon ZM,373.245237,1.035022,23.0636,0.797628,297.711,1.42315,71,4.667426859
10668,Polygon ZM,305.749289,1.199787,17.5478,0.874628,267.417,1.28977,52,2.200002782
10704,Polygon ZM,430.320487,1.402695,22.8412,0.858079,369.249,1.60445,71,3.241645945
10732,Polygon ZM,622.202522,2.308128,25.746,0.80261,499.386,3.41451,71,5.08200294
10833,Polygon ZM,527.100027,1.97293,23.591,0.802624,423.063,2.39433,71,4.656297216
10856,Polygon ZM,574.801471,2.834043,21.4646,0.802096,461.046,3.48954,71,4.247930198
10861,Polygon ZM,394.978176,1.079054,23.9034,0.873038,344.831,1.28138,71,3.034823471
10923,Polygon ZM,836.518139,2.71296,31.9273,0.721212,603.307,4.36558,71,8.900948112
10944,Polygon ZM,420.922583,1.247621,23.6902,0.793493,333.999,1.56448,71,4.892192131
11003,Polygon ZM,339.518435,1.02497,21.0822,0.904581,307.122,1.10233,71,2.011642442
11057,Polygon ZM,777.94994,4.984225,21.9059,0.781787,608.191,5.88177,71,4.780152157
11071,Polygon ZM,427.646049,1.851055,19.7598,0.813037,347.692,2.14028,71,3.694351487
11083,Polygon ZM,285.433453,1.005372,17.8958,0.880069,251.201,1.09238,71,2.14626119
11095,Polygon ZM,458.030677,1.855554,21.1381,0.813935,372.807,2.17119,71,3.933060577
11113,Polygon ZM,1407.627122,8.487041,30.3751,0.652188,918.038,12.3729,71,10.56482428
11122,Polygon ZM,710.506415,2.954993,25.9835,0.831186,590.563,4.1945,52,4.386378569
11151,Polygon ZM,355.154202,1.013932,22.1728,0.787292,279.61,1.26263,71,4.716331942
11183,Polygon ZM,660.752054,3.190997,23.2533,0.791805,523.187,3.97914,71,4.841220794
11253,Polygon ZM,410.383686,1.660254,20.0222,0.820189,336.592,1.8988,71,3.600211804
11297,Polygon ZM,336.070883,1.04872,20.6305,0.802777,269.79,1.20702,71,4.068809102
11314,Polygon ZM,510.105493,1.393133,27.1689,0.881157,449.483,1.82252,71,3.228833583
11321,Polygon ZM,471.772227,1.126028,27.949,0.752342,354.934,1.79401,71,6.921793442
11322,Polygon ZM,749.038484,3.24657,26.1337,0.748753,560.845,4.14416,71,6.566013724
11323,Polygon ZM,632.846893,1.965692,28.3759,0.808488,511.649,3.04396,71,5.434325361
11333,Polygon ZM,510.890868,1.544221,25.8453,0.820917,419.399,2.20195,71,4.62845386
11358,Polygon ZM,617.253434,3.31687,21.3063,0.799289,493.364,3.64093,71,4.276408779
11363,Polygon ZM,399.727609,1.258531,22.3996,0.816126,326.228,1.54456,71,4.11870405
11449,Polygon ZM,440.922659,1.009147,27.5927,0.777728,342.918,1.43457,71,6.133084614
11476,Polygon ZM,617.809579,2.215526,26.093,0.842167,520.299,3.02657,71,4.118336469
11483,Polygon ZM,408.234291,1.306465,22.4527,0.81624,333.217,1.81123,71,4.125908152
